id,customer_id,response
1,CS1112,0
2,CS1113,0
3,CS1114,1
4,CS1115,1
5,CS1116,1
6,CS1117,0
7,CS1118,1
8,CS1119,0
9,CS1120,0
10,CS1121,0
11,CS1122,0
12,CS1123,0
13,CS1124,0
14,CS1125,0
15,CS1126,0
16,CS1127,0
17,CS1128,0
18,CS1129,0
19,CS1130,0
20,CS1131,0
21,CS1132,0
22,CS1133,0
23,CS1134,0
24,CS1135,1
25,CS1136,0
26,CS1137,0
27,CS1138,0
28,CS1139,0
29,CS1140,0
30,CS1141,1
31,CS1142,1
32,CS1143,1
33,CS1144,0
34,CS1145,1
35,CS1146,0
36,CS1147,0
37,CS1148,1
38,CS1149,0
39,CS1150,0
40,CS1151,0
41,CS1152,0
42,CS1153,0
43,CS1154,0
44,CS1155,0
45,CS1156,0
46,CS1157,0
47,CS1158,0
48,CS1159,0
49,CS1160,1
50,CS1161,0
51,CS1162,0
52,CS1163,0
53,CS1164,0
54,CS1165,0
55,CS1166,0
56,CS1167,1
57,CS1168,0
58,CS1169,0
59,CS1170,0
60,CS1171,0
61,CS1172,1
62,CS1173,1
63,CS1174,0
64,CS1175,0
65,CS1176,0
66,CS1177,0
67,CS1178,0
68,CS1179,0
69,CS1180,0
70,CS1181,0
71,CS1182,1
72,CS1183,0
73,CS1184,0
74,CS1185,0
75,CS1186,0
76,CS1187,0
77,CS1188,0
78,CS1189,0
79,CS1190,0
80,CS1191,1
81,CS1192,0
82,CS1193,0
83,CS1194,0
84,CS1195,0
85,CS1196,0
86,CS1197,0
87,CS1198,0
88,CS1199,0
89,CS1200,0
90,CS1201,0
91,CS1202,0
92,CS1203,1
93,CS1204,0
94,CS1205,0
95,CS1206,0
96,CS1207,0
97,CS1208,0
98,CS1209,0
99,CS1210,0
100,CS1211,0
101,CS1212,0
102,CS1213,0
103,CS1214,0
104,CS1215,0
105,CS1216,0
106,CS1217,0
107,CS1218,0
108,CS1219,0
109,CS1220,0
110,CS1221,0
111,CS1222,0
112,CS1223,0
113,CS1224,0
114,CS1225,0
115,CS1226,0
116,CS1227,0
117,CS1228,0
118,CS1229,0
119,CS1230,0
120,CS1231,0
121,CS1232,0
122,CS1233,1
123,CS1234,0
124,CS1235,1
125,CS1236,0
126,CS1237,0
127,CS1238,0
128,CS1239,0
129,CS1240,0
130,CS1241,0
131,CS1242,0
132,CS1243,0
133,CS1244,0
134,CS1245,0
135,CS1246,0
136,CS1247,1
137,CS1248,0
138,CS1249,0
139,CS1250,0
140,CS1251,0
141,CS1252,0
142,CS1253,1
143,CS1254,0
144,CS1255,0
145,CS1256,0
146,CS1257,0
147,CS1258,0
148,CS1259,1
149,CS1260,0
150,CS1261,0
151,CS1262,0
152,CS1263,0
153,CS1264,0
154,CS1265,0
155,CS1266,0
156,CS1267,0
157,CS1268,0
158,CS1269,0
159,CS1270,0
160,CS1271,0
161,CS1272,0
162,CS1273,0
163,CS1274,0
164,CS1275,0
165,CS1276,0
166,CS1277,0
167,CS1278,0
168,CS1279,0
169,CS1280,0
170,CS1281,0
171,CS1282,0
172,CS1283,0
173,CS1284,0
174,CS1285,0
175,CS1286,1
176,CS1287,0
177,CS1288,0
178,CS1289,0
179,CS1290,0
180,CS1291,0
181,CS1292,0
182,CS1293,1
183,CS1294,0
184,CS1295,0
185,CS1296,0
186,CS1297,0
187,CS1298,0
188,CS1299,1
189,CS1300,0
190,CS1301,0
191,CS1302,0
192,CS1303,1
193,CS1304,0
194,CS1305,0
195,CS1306,0
196,CS1307,0
197,CS1308,0
198,CS1309,0
199,CS1310,1
200,CS1311,0
201,CS1312,1
202,CS1313,0
203,CS1314,0
204,CS1315,0
205,CS1316,0
206,CS1317,0
207,CS1318,0
208,CS1319,0
209,CS1320,0
210,CS1321,0
211,CS1322,0
212,CS1323,0
213,CS1324,1
214,CS1325,0
215,CS1326,0
216,CS1327,0
217,CS1328,0
218,CS1329,0
219,CS1330,0
220,CS1331,0
221,CS1332,0
222,CS1333,0
223,CS1334,0
224,CS1335,0
225,CS1336,0
226,CS1337,0
227,CS1338,0
228,CS1339,0
229,CS1340,0
230,CS1341,0
231,CS1342,0
232,CS1343,0
233,CS1344,1
234,CS1345,0
235,CS1346,0
236,CS1347,0
237,CS1348,0
238,CS1349,0
239,CS1350,1
240,CS1351,0
241,CS1352,0
242,CS1353,0
243,CS1354,0
244,CS1355,1
245,CS1356,0
246,CS1357,0
247,CS1358,0
248,CS1359,0
249,CS1360,0
250,CS1361,0
251,CS1362,0
252,CS1363,0
253,CS1364,0
254,CS1365,0
255,CS1366,0
256,CS1367,0
257,CS1368,0
258,CS1369,0
259,CS1370,1
260,CS1371,0
261,CS1372,1
262,CS1373,0
263,CS1374,0
264,CS1375,0
265,CS1376,0
266,CS1377,0
267,CS1378,0
268,CS1379,0
269,CS1380,0
270,CS1381,0
271,CS1382,0
272,CS1383,0
273,CS1384,0
274,CS1385,1
275,CS1386,0
276,CS1387,0
277,CS1388,0
278,CS1389,0
279,CS1390,0
280,CS1391,0
281,CS1392,0
282,CS1393,1
283,CS1394,0
284,CS1395,0
285,CS1396,0
286,CS1397,0
287,CS1398,1
288,CS1399,1
289,CS1400,1
290,CS1401,0
291,CS1402,0
292,CS1403,1
293,CS1404,0
294,CS1405,0
295,CS1406,0
296,CS1407,1
297,CS1408,0
298,CS1409,0
299,CS1410,0
300,CS1411,0
301,CS1412,1
302,CS1413,0
303,CS1414,0
304,CS1415,0
305,CS1416,0
306,CS1417,0
307,CS1418,0
308,CS1419,0
309,CS1420,1
310,CS1421,0
311,CS1422,0
312,CS1423,0
313,CS1424,0
314,CS1425,0
315,CS1426,0
316,CS1427,0
317,CS1428,1
318,CS1429,0
319,CS1430,0
320,CS1431,0
321,CS1432,0
322,CS1433,0
323,CS1434,0
324,CS1435,0
325,CS1436,0
326,CS1437,0
327,CS1438,0
328,CS1439,0
329,CS1440,0
330,CS1441,0
331,CS1442,0
332,CS1443,1
333,CS1444,0
334,CS1445,0
335,CS1446,0
336,CS1447,0
337,CS1448,0
338,CS1449,0
339,CS1450,0
340,CS1451,0
341,CS1452,0
342,CS1453,0
343,CS1454,0
344,CS1455,0
345,CS1456,0
346,CS1457,0
347,CS1458,0
348,CS1459,1
349,CS1460,0
350,CS1461,0
351,CS1462,1
352,CS1463,0
353,CS1464,0
354,CS1465,0
355,CS1466,0
356,CS1467,0
357,CS1468,0
358,CS1469,0
359,CS1470,0
360,CS1471,0
361,CS1472,0
362,CS1473,1
363,CS1474,0
364,CS1475,0
365,CS1476,0
366,CS1477,0
367,CS1478,0
368,CS1479,0
369,CS1480,0
370,CS1481,0
371,CS1482,0
372,CS1483,0
373,CS1484,0
374,CS1485,0
375,CS1486,0
376,CS1487,0
377,CS1488,0
378,CS1489,0
379,CS1490,0
380,CS1491,0
381,CS1492,0
382,CS1493,0
383,CS1494,0
384,CS1495,0
385,CS1496,0
386,CS1497,0
387,CS1498,0
388,CS1499,0
389,CS1500,0
390,CS1501,0
391,CS1502,0
392,CS1503,0
393,CS1504,0
394,CS1505,0
395,CS1506,0
396,CS1507,0
397,CS1508,0
398,CS1509,0
399,CS1510,0
400,CS1511,0
401,CS1512,0
402,CS1513,0
403,CS1514,0
404,CS1515,0
405,CS1516,0
406,CS1517,0
407,CS1518,0
408,CS1519,0
409,CS1520,0
410,CS1521,0
411,CS1522,0
412,CS1523,0
413,CS1524,0
414,CS1525,0
415,CS1526,0
416,CS1527,0
417,CS1528,0
418,CS1529,0
419,CS1530,0
420,CS1531,0
421,CS1532,0
422,CS1533,0
423,CS1534,0
424,CS1535,0
425,CS1536,0
426,CS1537,0
427,CS1538,0
428,CS1539,1
429,CS1540,0
430,CS1541,1
431,CS1542,0
432,CS1543,0
433,CS1544,1
434,CS1545,0
435,CS1546,0
436,CS1547,0
437,CS1548,0
438,CS1549,0
439,CS1550,0
440,CS1551,0
441,CS1552,0
442,CS1553,1
443,CS1554,0
444,CS1555,0
445,CS1556,0
446,CS1557,0
447,CS1558,0
448,CS1559,0
449,CS1560,0
450,CS1561,0
451,CS1562,0
452,CS1563,0
453,CS1564,0
454,CS1565,0
455,CS1566,1
456,CS1567,1
457,CS1568,0
458,CS1569,0
459,CS1570,0
460,CS1571,0
461,CS1572,0
462,CS1573,0
463,CS1574,0
464,CS1575,0
465,CS1576,0
466,CS1577,0
467,CS1578,0
468,CS1579,0
469,CS1580,1
470,CS1581,0
471,CS1582,1
472,CS1583,0
473,CS1584,0
474,CS1585,0
475,CS1586,0
476,CS1587,0
477,CS1588,0
478,CS1589,0
479,CS1590,0
480,CS1591,0
481,CS1592,0
482,CS1593,0
483,CS1594,0
484,CS1595,0
485,CS1596,0
486,CS1597,0
487,CS1598,0
488,CS1599,0
489,CS1600,0
490,CS1601,0
491,CS1602,0
492,CS1603,0
493,CS1604,0
494,CS1605,0
495,CS1606,0
496,CS1607,0
497,CS1608,0
498,CS1609,0
499,CS1610,0
500,CS1611,0
501,CS1612,0
502,CS1613,0
503,CS1614,0
504,CS1615,1
505,CS1616,0
506,CS1617,0
507,CS1618,0
508,CS1619,1
509,CS1620,0
510,CS1621,0
511,CS1622,1
512,CS1623,0
513,CS1624,0
514,CS1625,0
515,CS1626,0
516,CS1627,0
517,CS1628,0
518,CS1629,0
519,CS1630,0
520,CS1631,0
521,CS1632,0
522,CS1633,0
523,CS1634,0
524,CS1635,1
525,CS1636,0
526,CS1637,0
527,CS1638,0
528,CS1639,0
529,CS1640,0
530,CS1641,0
531,CS1642,0
532,CS1643,0
533,CS1644,0
534,CS1645,0
535,CS1646,0
536,CS1647,0
537,CS1648,0
538,CS1649,0
539,CS1650,1
540,CS1651,0
541,CS1652,0
542,CS1653,1
543,CS1654,0
544,CS1655,0
545,CS1656,0
546,CS1657,0
547,CS1658,0
548,CS1659,0
549,CS1660,0
550,CS1661,1
551,CS1662,0
552,CS1663,1
553,CS1664,0
554,CS1665,0
555,CS1666,0
556,CS1667,0
557,CS1668,0
558,CS1669,1
559,CS1670,0
560,CS1671,1
561,CS1672,0
562,CS1673,0
563,CS1674,0
564,CS1675,0
565,CS1676,1
566,CS1677,1
567,CS1678,0
568,CS1679,0
569,CS1680,0
570,CS1681,0
571,CS1682,0
572,CS1683,0
573,CS1684,0
574,CS1685,0
575,CS1686,0
576,CS1687,0
577,CS1688,0
578,CS1689,1
579,CS1690,0
580,CS1691,1
581,CS1692,0
582,CS1693,0
583,CS1694,0
584,CS1695,0
585,CS1696,1
586,CS1697,0
587,CS1698,0
588,CS1699,0
589,CS1700,0
590,CS1701,0
591,CS1702,0
592,CS1703,1
593,CS1704,0
594,CS1705,1
595,CS1706,0
596,CS1707,0
597,CS1708,1
598,CS1709,1
599,CS1710,0
600,CS1711,0
601,CS1712,0
602,CS1713,0
603,CS1714,0
604,CS1715,0
605,CS1716,0
606,CS1717,0
607,CS1718,0
608,CS1719,0
609,CS1720,0
610,CS1721,0
611,CS1722,0
612,CS1723,0
613,CS1724,0
614,CS1725,0
615,CS1726,0
616,CS1727,0
617,CS1728,0
618,CS1729,0
619,CS1730,0
620,CS1731,0
621,CS1732,0
622,CS1733,0
623,CS1734,0
624,CS1735,0
625,CS1736,1
626,CS1737,0
627,CS1738,0
628,CS1739,0
629,CS1740,1
630,CS1741,0
631,CS1742,1
632,CS1743,0
633,CS1744,0
634,CS1745,0
635,CS1746,1
636,CS1747,0
637,CS1748,0
638,CS1749,0
639,CS1750,0
640,CS1751,0
641,CS1752,0
642,CS1753,0
643,CS1754,0
644,CS1755,0
645,CS1756,0
646,CS1757,1
647,CS1758,0
648,CS1759,1
649,CS1760,1
650,CS1761,0
651,CS1762,0
652,CS1763,0
653,CS1764,1
654,CS1765,0
655,CS1766,0
656,CS1767,0
657,CS1768,1
658,CS1769,0
659,CS1770,0
660,CS1771,0
661,CS1772,1
662,CS1773,0
663,CS1774,0
664,CS1775,0
665,CS1776,0
666,CS1777,0
667,CS1778,0
668,CS1779,0
669,CS1780,0
670,CS1781,0
671,CS1782,0
672,CS1783,0
673,CS1784,0
674,CS1785,1
675,CS1786,0
676,CS1787,0
677,CS1788,0
678,CS1789,0
679,CS1790,0
680,CS1791,0
681,CS1792,0
682,CS1793,0
683,CS1794,0
684,CS1795,0
685,CS1796,0
686,CS1797,0
687,CS1798,0
688,CS1799,0
689,CS1800,0
690,CS1801,0
691,CS1802,0
692,CS1803,1
693,CS1804,0
694,CS1805,1
695,CS1806,0
696,CS1807,0
697,CS1808,0
698,CS1809,0
699,CS1810,0
700,CS1811,0
701,CS1812,0
702,CS1813,0
703,CS1814,0
704,CS1815,0
705,CS1816,0
706,CS1817,0
707,CS1818,0
708,CS1819,0
709,CS1820,0
710,CS1821,0
711,CS1822,0
712,CS1823,0
713,CS1824,0
714,CS1825,0
715,CS1826,1
716,CS1827,0
717,CS1828,0
718,CS1829,0
719,CS1830,0
720,CS1831,0
721,CS1832,1
722,CS1833,0
723,CS1834,0
724,CS1835,0
725,CS1836,0
726,CS1837,0
727,CS1838,0
728,CS1839,1
729,CS1840,0
730,CS1841,0
731,CS1842,0
732,CS1843,0
733,CS1844,0
734,CS1845,0
735,CS1846,0
736,CS1847,0
737,CS1848,0
738,CS1849,0
739,CS1850,0
740,CS1851,0
741,CS1852,0
742,CS1853,0
743,CS1854,0
744,CS1855,0
745,CS1856,0
746,CS1857,0
747,CS1858,0
748,CS1859,0
749,CS1860,0
750,CS1861,0
751,CS1862,0
752,CS1863,0
753,CS1864,0
754,CS1865,1
755,CS1866,0
756,CS1867,0
757,CS1868,0
758,CS1869,0
759,CS1870,1
760,CS1871,0
761,CS1872,0
762,CS1873,0
763,CS1874,0
764,CS1875,0
765,CS1876,0
766,CS1877,0
767,CS1878,1
768,CS1879,0
769,CS1880,0
770,CS1881,1
771,CS1882,0
772,CS1883,0
773,CS1884,0
774,CS1885,0
775,CS1886,0
776,CS1887,0
777,CS1888,0
778,CS1889,0
779,CS1890,0
780,CS1891,0
781,CS1892,0
782,CS1893,0
783,CS1894,0
784,CS1895,1
785,CS1896,0
786,CS1897,0
787,CS1898,0
788,CS1899,0
789,CS1900,1
790,CS1901,0
791,CS1902,0
792,CS1903,0
793,CS1904,0
794,CS1905,1
795,CS1906,0
796,CS1907,1
797,CS1908,0
798,CS1909,0
799,CS1910,0
800,CS1911,0
801,CS1912,0
802,CS1913,0
803,CS1914,1
804,CS1915,0
805,CS1916,0
806,CS1917,0
807,CS1918,0
808,CS1919,1
809,CS1920,0
810,CS1921,0
811,CS1922,0
812,CS1923,1
813,CS1924,0
814,CS1925,0
815,CS1926,0
816,CS1927,0
817,CS1928,0
818,CS1929,0
819,CS1930,0
820,CS1931,0
821,CS1932,0
822,CS1933,0
823,CS1934,0
824,CS1935,0
825,CS1936,0
826,CS1937,0
827,CS1938,0
828,CS1939,0
829,CS1940,0
830,CS1941,0
831,CS1942,0
832,CS1943,0
833,CS1944,0
834,CS1945,1
835,CS1946,0
836,CS1947,0
837,CS1948,0
838,CS1949,0
839,CS1950,0
840,CS1951,0
841,CS1952,0
842,CS1953,0
843,CS1954,0
844,CS1955,0
845,CS1956,0
846,CS1957,0
847,CS1958,1
848,CS1959,1
849,CS1960,0
850,CS1961,0
851,CS1962,0
852,CS1963,0
853,CS1964,1
854,CS1965,0
855,CS1966,0
856,CS1967,0
857,CS1968,0
858,CS1969,0
859,CS1970,0
860,CS1971,0
861,CS1972,0
862,CS1973,0
863,CS1974,0
864,CS1975,0
865,CS1976,0
866,CS1977,0
867,CS1978,0
868,CS1979,0
869,CS1980,0
870,CS1981,0
871,CS1982,0
872,CS1983,0
873,CS1984,0
874,CS1985,0
875,CS1986,0
876,CS1987,0
877,CS1988,0
878,CS1989,1
879,CS1990,0
880,CS1991,0
881,CS1992,1
882,CS1993,0
883,CS1994,0
884,CS1995,1
885,CS1996,1
886,CS1997,0
887,CS1998,0
888,CS1999,0
889,CS2000,0
890,CS2001,0
891,CS2002,1
892,CS2003,0
893,CS2004,0
894,CS2005,0
895,CS2006,0
896,CS2007,0
897,CS2008,1
898,CS2009,0
899,CS2010,0
900,CS2011,0
901,CS2012,0
902,CS2013,0
903,CS2014,0
904,CS2015,0
905,CS2016,0
906,CS2017,0
907,CS2018,0
908,CS2019,0
909,CS2020,0
910,CS2021,0
911,CS2022,0
912,CS2023,0
913,CS2024,0
914,CS2025,0
915,CS2026,1
916,CS2027,0
917,CS2028,0
918,CS2029,0
919,CS2030,0
920,CS2031,0
921,CS2032,0
922,CS2033,0
923,CS2034,0
924,CS2035,0
925,CS2036,0
926,CS2037,0
927,CS2038,0
928,CS2039,1
929,CS2040,0
930,CS2041,0
931,CS2042,0
932,CS2043,0
933,CS2044,0
934,CS2045,0
935,CS2046,0
936,CS2047,0
937,CS2048,0
938,CS2049,0
939,CS2050,0
940,CS2051,0
941,CS2052,0
942,CS2053,1
943,CS2054,0
944,CS2055,0
945,CS2056,0
946,CS2057,0
947,CS2058,0
948,CS2059,0
949,CS2060,0
950,CS2061,0
951,CS2062,0
952,CS2063,1
953,CS2064,1
954,CS2065,0
955,CS2066,0
956,CS2067,0
957,CS2068,0
958,CS2069,0
959,CS2070,0
960,CS2071,0
961,CS2072,0
962,CS2073,0
963,CS2074,0
964,CS2075,0
965,CS2076,0
966,CS2077,0
967,CS2078,0
968,CS2079,0
969,CS2080,1
970,CS2081,0
971,CS2082,0
972,CS2083,0
973,CS2084,0
974,CS2085,1
975,CS2086,0
976,CS2087,0
977,CS2088,0
978,CS2089,0
979,CS2090,0
980,CS2091,0
981,CS2092,0
982,CS2093,0
983,CS2094,0
984,CS2095,0
985,CS2096,0
986,CS2097,0
987,CS2098,0
988,CS2099,0
989,CS2100,0
990,CS2101,1
991,CS2102,1
992,CS2103,0
993,CS2104,0
994,CS2105,0
995,CS2106,0
996,CS2107,0
997,CS2108,0
998,CS2109,0
999,CS2110,0
1000,CS2111,0
1001,CS2112,0
1002,CS2113,1
1003,CS2114,0
1004,CS2115,0
1005,CS2116,0
1006,CS2117,0
1007,CS2118,0
1008,CS2119,0
1009,CS2120,0
1010,CS2121,0
1011,CS2122,0
1012,CS2123,0
1013,CS2124,0
1014,CS2125,0
1015,CS2126,0
1016,CS2127,0
1017,CS2128,0
1018,CS2129,0
1019,CS2130,1
1020,CS2131,0
1021,CS2132,1
1022,CS2133,0
1023,CS2134,0
1024,CS2135,0
1025,CS2136,0
1026,CS2137,0
1027,CS2138,0
1028,CS2139,0
1029,CS2140,0
1030,CS2141,0
1031,CS2142,0
1032,CS2143,0
1033,CS2144,0
1034,CS2145,0
1035,CS2146,0
1036,CS2147,0
1037,CS2148,1
1038,CS2149,0
1039,CS2150,0
1040,CS2151,0
1041,CS2152,0
1042,CS2153,0
1043,CS2154,0
1044,CS2155,0
1045,CS2156,0
1046,CS2157,0
1047,CS2158,0
1048,CS2159,0
1049,CS2160,0
1050,CS2161,1
1051,CS2162,0
1052,CS2163,1
1053,CS2164,0
1054,CS2165,0
1055,CS2166,0
1056,CS2167,0
1057,CS2168,0
1058,CS2169,0
1059,CS2170,0
1060,CS2171,0
1061,CS2172,0
1062,CS2173,0
1063,CS2174,0
1064,CS2175,1
1065,CS2176,0
1066,CS2177,1
1067,CS2178,0
1068,CS2179,0
1069,CS2180,0
1070,CS2181,0
1071,CS2182,1
1072,CS2183,0
1073,CS2184,0
1074,CS2185,0
1075,CS2186,0
1076,CS2187,0
1077,CS2188,0
1078,CS2189,0
1079,CS2190,1
1080,CS2191,0
1081,CS2192,0
1082,CS2193,0
1083,CS2194,0
1084,CS2195,0
1085,CS2196,0
1086,CS2197,0
1087,CS2198,0
1088,CS2199,0
1089,CS2200,0
1090,CS2201,0
1091,CS2202,0
1092,CS2203,0
1093,CS2204,0
1094,CS2205,0
1095,CS2206,0
1096,CS2207,0
1097,CS2208,0
1098,CS2209,0
1099,CS2210,0
1100,CS2211,0
1101,CS2212,0
1102,CS2213,0
1103,CS2214,0
1104,CS2215,0
1105,CS2216,1
1106,CS2217,0
1107,CS2218,0
1108,CS2219,0
1109,CS2220,0
1110,CS2221,0
1111,CS2222,0
1112,CS2223,0
1113,CS2224,0
1114,CS2225,0
1115,CS2226,0
1116,CS2227,1
1117,CS2228,0
1118,CS2229,1
1119,CS2230,0
1120,CS2231,0
1121,CS2232,0
1122,CS2233,0
1123,CS2234,0
1124,CS2235,0
1125,CS2236,0
1126,CS2237,0
1127,CS2238,0
1128,CS2239,0
1129,CS2240,0
1130,CS2241,0
1131,CS2242,0
1132,CS2243,0
1133,CS2244,1
1134,CS2245,0
1135,CS2246,0
1136,CS2247,1
1137,CS2248,0
1138,CS2249,0
1139,CS2250,0
1140,CS2251,0
1141,CS2252,0
1142,CS2253,0
1143,CS2254,1
1144,CS2255,0
1145,CS2256,0
1146,CS2257,0
1147,CS2258,1
1148,CS2259,1
1149,CS2260,0
1150,CS2261,0
1151,CS2262,0
1152,CS2263,0
1153,CS2264,0
1154,CS2265,0
1155,CS2266,0
1156,CS2267,1
1157,CS2268,0
1158,CS2269,0
1159,CS2270,0
1160,CS2271,0
1161,CS2272,0
1162,CS2273,0
1163,CS2274,0
1164,CS2275,0
1165,CS2276,1
1166,CS2277,0
1167,CS2278,0
1168,CS2279,0
1169,CS2280,0
1170,CS2281,0
1171,CS2282,0
1172,CS2283,0
1173,CS2284,0
1174,CS2285,0
1175,CS2286,1
1176,CS2287,0
1177,CS2288,1
1178,CS2289,0
1179,CS2290,0
1180,CS2291,0
1181,CS2292,1
1182,CS2293,0
1183,CS2294,0
1184,CS2295,0
1185,CS2296,0
1186,CS2297,0
1187,CS2298,1
1188,CS2299,0
1189,CS2300,0
1190,CS2301,0
1191,CS2302,0
1192,CS2303,0
1193,CS2304,0
1194,CS2305,0
1195,CS2306,0
1196,CS2307,0
1197,CS2308,0
1198,CS2309,0
1199,CS2310,0
1200,CS2311,1
1201,CS2312,0
1202,CS2313,0
1203,CS2314,0
1204,CS2315,0
1205,CS2316,0
1206,CS2317,0
1207,CS2318,1
1208,CS2319,0
1209,CS2320,0
1210,CS2321,0
1211,CS2322,0
1212,CS2323,0
1213,CS2324,0
1214,CS2325,0
1215,CS2326,0
1216,CS2327,0
1217,CS2328,0
1218,CS2329,0
1219,CS2330,0
1220,CS2331,1
1221,CS2332,0
1222,CS2333,0
1223,CS2334,0
1224,CS2335,0
1225,CS2336,0
1226,CS2337,0
1227,CS2338,0
1228,CS2339,0
1229,CS2340,0
1230,CS2341,1
1231,CS2342,0
1232,CS2343,0
1233,CS2344,0
1234,CS2345,0
1235,CS2346,0
1236,CS2347,0
1237,CS2348,0
1238,CS2349,0
1239,CS2350,1
1240,CS2351,0
1241,CS2352,1
1242,CS2353,0
1243,CS2354,0
1244,CS2355,0
1245,CS2356,0
1246,CS2357,0
1247,CS2358,0
1248,CS2359,1
1249,CS2360,0
1250,CS2361,0
1251,CS2362,1
1252,CS2363,0
1253,CS2364,0
1254,CS2365,0
1255,CS2366,0
1256,CS2367,0
1257,CS2368,0
1258,CS2369,0
1259,CS2370,0
1260,CS2371,0
1261,CS2372,0
1262,CS2373,0
1263,CS2374,1
1264,CS2375,0
1265,CS2376,0
1266,CS2377,0
1267,CS2378,0
1268,CS2379,0
1269,CS2380,0
1270,CS2381,0
1271,CS2382,0
1272,CS2383,0
1273,CS2384,0
1274,CS2385,1
1275,CS2386,1
1276,CS2387,0
1277,CS2388,0
1278,CS2389,1
1279,CS2390,0
1280,CS2391,0
1281,CS2392,0
1282,CS2393,0
1283,CS2394,0
1284,CS2395,0
1285,CS2396,0
1286,CS2397,0
1287,CS2398,0
1288,CS2399,0
1289,CS2400,0
1290,CS2401,0
1291,CS2402,0
1292,CS2403,1
1293,CS2404,1
1294,CS2405,0
1295,CS2406,0
1296,CS2407,1
1297,CS2408,0
1298,CS2409,0
1299,CS2410,0
1300,CS2411,0
1301,CS2412,0
1302,CS2413,0
1303,CS2414,1
1304,CS2415,0
1305,CS2416,0
1306,CS2417,0
1307,CS2418,0
1308,CS2419,0
1309,CS2420,0
1310,CS2421,0
1311,CS2422,0
1312,CS2423,0
1313,CS2424,0
1314,CS2425,0
1315,CS2426,0
1316,CS2427,0
1317,CS2428,0
1318,CS2429,0
1319,CS2430,0
1320,CS2431,0
1321,CS2432,0
1322,CS2433,0
1323,CS2434,1
1324,CS2435,0
1325,CS2436,0
1326,CS2437,0
1327,CS2438,1
1328,CS2439,0
1329,CS2440,0
1330,CS2441,1
1331,CS2442,0
1332,CS2443,0
1333,CS2444,0
1334,CS2445,0
1335,CS2446,0
1336,CS2447,0
1337,CS2448,0
1338,CS2449,0
1339,CS2450,0
1340,CS2451,0
1341,CS2452,0
1342,CS2453,0
1343,CS2454,0
1344,CS2455,1
1345,CS2456,0
1346,CS2457,1
1347,CS2458,0
1348,CS2459,1
1349,CS2460,0
1350,CS2461,0
1351,CS2462,0
1352,CS2463,0
1353,CS2464,0
1354,CS2465,0
1355,CS2466,0
1356,CS2467,0
1357,CS2468,0
1358,CS2469,0
1359,CS2470,0
1360,CS2471,0
1361,CS2472,0
1362,CS2473,0
1363,CS2474,0
1364,CS2475,0
1365,CS2476,0
1366,CS2477,0
1367,CS2478,0
1368,CS2479,0
1369,CS2480,0
1370,CS2481,0
1371,CS2482,0
1372,CS2483,0
1373,CS2484,0
1374,CS2485,1
1375,CS2486,0
1376,CS2487,0
1377,CS2488,0
1378,CS2489,1
1379,CS2490,0
1380,CS2491,0
1381,CS2492,0
1382,CS2493,0
1383,CS2494,0
1384,CS2495,0
1385,CS2496,0
1386,CS2497,0
1387,CS2498,0
1388,CS2499,0
1389,CS2500,0
1390,CS2501,1
1391,CS2502,0
1392,CS2503,0
1393,CS2504,0
1394,CS2505,0
1395,CS2506,0
1396,CS2507,0
1397,CS2508,0
1398,CS2509,0
1399,CS2510,1
1400,CS2511,0
1401,CS2512,0
1402,CS2513,0
1403,CS2514,0
1404,CS2515,1
1405,CS2516,0
1406,CS2517,0
1407,CS2518,0
1408,CS2519,0
1409,CS2520,0
1410,CS2521,0
1411,CS2522,0
1412,CS2523,0
1413,CS2524,0
1414,CS2525,1
1415,CS2526,0
1416,CS2527,0
1417,CS2528,0
1418,CS2529,0
1419,CS2530,0
1420,CS2531,0
1421,CS2532,0
1422,CS2533,0
1423,CS2534,0
1424,CS2535,0
1425,CS2536,0
1426,CS2537,0
1427,CS2538,0
1428,CS2539,0
1429,CS2540,0
1430,CS2541,1
1431,CS2542,0
1432,CS2543,0
1433,CS2544,0
1434,CS2545,0
1435,CS2546,0
1436,CS2547,0
1437,CS2548,1
1438,CS2549,0
1439,CS2550,0
1440,CS2551,1
1441,CS2552,0
1442,CS2553,0
1443,CS2554,0
1444,CS2555,0
1445,CS2556,1
1446,CS2557,0
1447,CS2558,1
1448,CS2559,0
1449,CS2560,0
1450,CS2561,0
1451,CS2562,0
1452,CS2563,0
1453,CS2564,0
1454,CS2565,0
1455,CS2566,0
1456,CS2567,0
1457,CS2568,0
1458,CS2569,0
1459,CS2570,0
1460,CS2571,0
1461,CS2572,0
1462,CS2573,0
1463,CS2574,0
1464,CS2575,1
1465,CS2576,0
1466,CS2577,0
1467,CS2578,1
1468,CS2579,0
1469,CS2580,0
1470,CS2581,0
1471,CS2582,0
1472,CS2583,0
1473,CS2584,0
1474,CS2585,0
1475,CS2586,0
1476,CS2587,0
1477,CS2588,1
1478,CS2589,0
1479,CS2590,0
1480,CS2591,0
1481,CS2592,0
1482,CS2593,0
1483,CS2594,0
1484,CS2595,1
1485,CS2596,0
1486,CS2597,0
1487,CS2598,0
1488,CS2599,0
1489,CS2600,0
1490,CS2601,1
1491,CS2602,0
1492,CS2603,1
1493,CS2604,0
1494,CS2605,0
1495,CS2606,0
1496,CS2607,0
1497,CS2608,0
1498,CS2609,0
1499,CS2610,0
1500,CS2611,0
1501,CS2612,0
1502,CS2613,0
1503,CS2614,0
1504,CS2615,0
1505,CS2616,0
1506,CS2617,0
1507,CS2618,0
1508,CS2619,0
1509,CS2620,0
1510,CS2621,0
1511,CS2622,0
1512,CS2623,0
1513,CS2624,1
1514,CS2625,0
1515,CS2626,0
1516,CS2627,0
1517,CS2628,1
1518,CS2629,0
1519,CS2630,0
1520,CS2631,0
1521,CS2632,0
1522,CS2633,0
1523,CS2634,0
1524,CS2635,0
1525,CS2636,0
1526,CS2637,0
1527,CS2638,0
1528,CS2639,0
1529,CS2640,0
1530,CS2641,1
1531,CS2642,0
1532,CS2643,0
1533,CS2644,0
1534,CS2645,0
1535,CS2646,0
1536,CS2647,0
1537,CS2648,0
1538,CS2649,1
1539,CS2650,0
1540,CS2651,0
1541,CS2652,1
1542,CS2653,1
1543,CS2654,0
1544,CS2655,0
1545,CS2656,0
1546,CS2657,0
1547,CS2658,0
1548,CS2659,0
1549,CS2660,0
1550,CS2661,1
1551,CS2662,0
1552,CS2663,0
1553,CS2664,0
1554,CS2665,0
1555,CS2666,0
1556,CS2667,0
1557,CS2668,0
1558,CS2669,0
1559,CS2670,0
1560,CS2671,0
1561,CS2672,0
1562,CS2673,0
1563,CS2674,0
1564,CS2675,0
1565,CS2676,0
1566,CS2677,1
1567,CS2678,0
1568,CS2679,0
1569,CS2680,0
1570,CS2681,0
1571,CS2682,1
1572,CS2683,0
1573,CS2684,1
1574,CS2685,0
1575,CS2686,0
1576,CS2687,0
1577,CS2688,0
1578,CS2689,0
1579,CS2690,0
1580,CS2691,1
1581,CS2692,0
1582,CS2693,0
1583,CS2694,0
1584,CS2695,0
1585,CS2696,0
1586,CS2697,0
1587,CS2698,0
1588,CS2699,0
1589,CS2700,1
1590,CS2701,0
1591,CS2702,0
1592,CS2703,1
1593,CS2704,0
1594,CS2705,0
1595,CS2706,1
1596,CS2707,0
1597,CS2708,1
1598,CS2709,0
1599,CS2710,0
1600,CS2711,0
1601,CS2712,0
1602,CS2713,0
1603,CS2714,0
1604,CS2715,1
1605,CS2716,0
1606,CS2717,0
1607,CS2718,0
1608,CS2719,1
1609,CS2720,0
1610,CS2721,0
1611,CS2722,0
1612,CS2723,0
1613,CS2724,0
1614,CS2725,0
1615,CS2726,0
1616,CS2727,0
1617,CS2728,0
1618,CS2729,0
1619,CS2730,0
1620,CS2731,0
1621,CS2732,0
1622,CS2733,0
1623,CS2734,0
1624,CS2735,0
1625,CS2736,0
1626,CS2737,0
1627,CS2738,0
1628,CS2739,0
1629,CS2740,0
1630,CS2741,1
1631,CS2742,0
1632,CS2743,0
1633,CS2744,0
1634,CS2745,0
1635,CS2746,0
1636,CS2747,0
1637,CS2748,1
1638,CS2749,0
1639,CS2750,0
1640,CS2751,0
1641,CS2752,0
1642,CS2753,0
1643,CS2754,0
1644,CS2755,1
1645,CS2756,0
1646,CS2757,0
1647,CS2758,0
1648,CS2759,0
1649,CS2760,0
1650,CS2761,0
1651,CS2762,0
1652,CS2763,0
1653,CS2764,0
1654,CS2765,0
1655,CS2766,0
1656,CS2767,0
1657,CS2768,0
1658,CS2769,0
1659,CS2770,0
1660,CS2771,0
1661,CS2772,0
1662,CS2773,0
1663,CS2774,0
1664,CS2775,0
1665,CS2776,0
1666,CS2777,0
1667,CS2778,1
1668,CS2779,0
1669,CS2780,0
1670,CS2781,0
1671,CS2782,1
1672,CS2783,0
1673,CS2784,0
1674,CS2785,0
1675,CS2786,0
1676,CS2787,0
1677,CS2788,0
1678,CS2789,0
1679,CS2790,0
1680,CS2791,0
1681,CS2792,0
1682,CS2793,0
1683,CS2794,0
1684,CS2795,0
1685,CS2796,0
1686,CS2797,1
1687,CS2798,0
1688,CS2799,0
1689,CS2800,0
1690,CS2801,0
1691,CS2802,0
1692,CS2803,0
1693,CS2804,0
1694,CS2805,0
1695,CS2806,0
1696,CS2807,0
1697,CS2808,1
1698,CS2809,1
1699,CS2810,0
1700,CS2811,0
1701,CS2812,0
1702,CS2813,0
1703,CS2814,0
1704,CS2815,0
1705,CS2816,0
1706,CS2817,0
1707,CS2818,0
1708,CS2819,0
1709,CS2820,0
1710,CS2821,0
1711,CS2822,0
1712,CS2823,1
1713,CS2824,1
1714,CS2825,0
1715,CS2826,0
1716,CS2827,0
1717,CS2828,0
1718,CS2829,0
1719,CS2830,0
1720,CS2831,0
1721,CS2832,0
1722,CS2833,1
1723,CS2834,0
1724,CS2835,0
1725,CS2836,0
1726,CS2837,0
1727,CS2838,1
1728,CS2839,0
1729,CS2840,1
1730,CS2841,0
1731,CS2842,0
1732,CS2843,0
1733,CS2844,0
1734,CS2845,0
1735,CS2846,0
1736,CS2847,0
1737,CS2848,0
1738,CS2849,0
1739,CS2850,0
1740,CS2851,0
1741,CS2852,0
1742,CS2853,0
1743,CS2854,1
1744,CS2855,0
1745,CS2856,0
1746,CS2857,0
1747,CS2858,0
1748,CS2859,0
1749,CS2860,0
1750,CS2861,0
1751,CS2862,0
1752,CS2863,0
1753,CS2864,0
1754,CS2865,0
1755,CS2866,0
1756,CS2867,1
1757,CS2868,0
1758,CS2869,0
1759,CS2870,0
1760,CS2871,0
1761,CS2872,0
1762,CS2873,0
1763,CS2874,0
1764,CS2875,0
1765,CS2876,0
1766,CS2877,0
1767,CS2878,1
1768,CS2879,0
1769,CS2880,0
1770,CS2881,0
1771,CS2882,0
1772,CS2883,0
1773,CS2884,0
1774,CS2885,0
1775,CS2886,0
1776,CS2887,0
1777,CS2888,0
1778,CS2889,1
1779,CS2890,0
1780,CS2891,1
1781,CS2892,0
1782,CS2893,0
1783,CS2894,0
1784,CS2895,0
1785,CS2896,0
1786,CS2897,0
1787,CS2898,0
1788,CS2899,1
1789,CS2900,0
1790,CS2901,0
1791,CS2902,0
1792,CS2903,1
1793,CS2904,0
1794,CS2905,0
1795,CS2906,1
1796,CS2907,0
1797,CS2908,0
1798,CS2909,0
1799,CS2910,0
1800,CS2911,0
1801,CS2912,0
1802,CS2913,1
1803,CS2914,1
1804,CS2915,0
1805,CS2916,1
1806,CS2917,0
1807,CS2918,0
1808,CS2919,0
1809,CS2920,0
1810,CS2921,1
1811,CS2922,0
1812,CS2923,0
1813,CS2924,0
1814,CS2925,0
1815,CS2926,0
1816,CS2927,0
1817,CS2928,0
1818,CS2929,0
1819,CS2930,0
1820,CS2931,1
1821,CS2932,0
1822,CS2933,0
1823,CS2934,0
1824,CS2935,0
1825,CS2936,0
1826,CS2937,0
1827,CS2938,0
1828,CS2939,0
1829,CS2940,0
1830,CS2941,0
1831,CS2942,0
1832,CS2943,0
1833,CS2944,0
1834,CS2945,0
1835,CS2946,0
1836,CS2947,0
1837,CS2948,0
1838,CS2949,0
1839,CS2950,0
1840,CS2951,1
1841,CS2952,1
1842,CS2953,0
1843,CS2954,0
1844,CS2955,0
1845,CS2956,1
1846,CS2957,0
1847,CS2958,0
1848,CS2959,0
1849,CS2960,0
1850,CS2961,0
1851,CS2962,0
1852,CS2963,0
1853,CS2964,0
1854,CS2965,0
1855,CS2966,0
1856,CS2967,0
1857,CS2968,0
1858,CS2969,0
1859,CS2970,0
1860,CS2971,1
1861,CS2972,0
1862,CS2973,0
1863,CS2974,0
1864,CS2975,0
1865,CS2976,0
1866,CS2977,0
1867,CS2978,0
1868,CS2979,0
1869,CS2980,0
1870,CS2981,0
1871,CS2982,0
1872,CS2983,0
1873,CS2984,0
1874,CS2985,0
1875,CS2986,0
1876,CS2987,0
1877,CS2988,0
1878,CS2989,0
1879,CS2990,1
1880,CS2991,0
1881,CS2992,1
1882,CS2993,0
1883,CS2994,0
1884,CS2995,0
1885,CS2996,1
1886,CS2997,0
1887,CS2998,0
1888,CS2999,0
1889,CS3000,0
1890,CS3001,0
1891,CS3002,0
1892,CS3003,0
1893,CS3004,0
1894,CS3005,1
1895,CS3006,0
1896,CS3007,0
1897,CS3008,0
1898,CS3009,0
1899,CS3010,0
1900,CS3011,0
1901,CS3012,0
1902,CS3013,0
1903,CS3014,1
1904,CS3015,0
1905,CS3016,0
1906,CS3017,1
1907,CS3018,0
1908,CS3019,0
1909,CS3020,0
1910,CS3021,0
1911,CS3022,0
1912,CS3023,1
1913,CS3024,0
1914,CS3025,1
1915,CS3026,0
1916,CS3027,0
1917,CS3028,0
1918,CS3029,0
1919,CS3030,0
1920,CS3031,0
1921,CS3032,0
1922,CS3033,0
1923,CS3034,0
1924,CS3035,0
1925,CS3036,0
1926,CS3037,0
1927,CS3038,0
1928,CS3039,0
1929,CS3040,0
1930,CS3041,0
1931,CS3042,0
1932,CS3043,0
1933,CS3044,0
1934,CS3045,0
1935,CS3046,0
1936,CS3047,0
1937,CS3048,0
1938,CS3049,0
1939,CS3050,0
1940,CS3051,0
1941,CS3052,1
1942,CS3053,0
1943,CS3054,0
1944,CS3055,0
1945,CS3056,0
1946,CS3057,0
1947,CS3058,0
1948,CS3059,0
1949,CS3060,0
1950,CS3061,0
1951,CS3062,0
1952,CS3063,0
1953,CS3064,0
1954,CS3065,0
1955,CS3066,0
1956,CS3067,0
1957,CS3068,0
1958,CS3069,0
1959,CS3070,0
1960,CS3071,0
1961,CS3072,0
1962,CS3073,0
1963,CS3074,0
1964,CS3075,0
1965,CS3076,0
1966,CS3077,0
1967,CS3078,0
1968,CS3079,1
1969,CS3080,0
1970,CS3081,0
1971,CS3082,1
1972,CS3083,0
1973,CS3084,0
1974,CS3085,0
1975,CS3086,1
1976,CS3087,0
1977,CS3088,0
1978,CS3089,0
1979,CS3090,1
1980,CS3091,0
1981,CS3092,0
1982,CS3093,0
1983,CS3094,0
1984,CS3095,0
1985,CS3096,0
1986,CS3097,0
1987,CS3098,0
1988,CS3099,0
1989,CS3100,0
1990,CS3101,0
1991,CS3102,0
1992,CS3103,0
1993,CS3104,0
1994,CS3105,1
1995,CS3106,0
1996,CS3107,0
1997,CS3108,0
1998,CS3109,1
1999,CS3110,0
2000,CS3111,0
2001,CS3112,1
2002,CS3113,0
2003,CS3114,0
2004,CS3115,0
2005,CS3116,1
2006,CS3117,0
2007,CS3118,0
2008,CS3119,0
2009,CS3120,0
2010,CS3121,0
2011,CS3122,0
2012,CS3123,0
2013,CS3124,0
2014,CS3125,0
2015,CS3126,1
2016,CS3127,0
2017,CS3128,0
2018,CS3129,0
2019,CS3130,0
2020,CS3131,0
2021,CS3132,0
2022,CS3133,0
2023,CS3134,1
2024,CS3135,0
2025,CS3136,1
2026,CS3137,0
2027,CS3138,0
2028,CS3139,0
2029,CS3140,0
2030,CS3141,0
2031,CS3142,0
2032,CS3143,0
2033,CS3144,0
2034,CS3145,0
2035,CS3146,0
2036,CS3147,1
2037,CS3148,0
2038,CS3149,0
2039,CS3150,0
2040,CS3151,0
2041,CS3152,0
2042,CS3153,0
2043,CS3154,0
2044,CS3155,0
2045,CS3156,0
2046,CS3157,0
2047,CS3158,0
2048,CS3159,0
2049,CS3160,0
2050,CS3161,0
2051,CS3162,0
2052,CS3163,0
2053,CS3164,0
2054,CS3165,0
2055,CS3166,0
2056,CS3167,0
2057,CS3168,0
2058,CS3169,0
2059,CS3170,0
2060,CS3171,0
2061,CS3172,0
2062,CS3173,0
2063,CS3174,0
2064,CS3175,0
2065,CS3176,0
2066,CS3177,0
2067,CS3178,0
2068,CS3179,0
2069,CS3180,1
2070,CS3181,0
2071,CS3182,0
2072,CS3183,0
2073,CS3184,0
2074,CS3185,0
2075,CS3186,0
2076,CS3187,0
2077,CS3188,0
2078,CS3189,0
2079,CS3190,0
2080,CS3191,0
2081,CS3192,0
2082,CS3193,0
2083,CS3194,0
2084,CS3195,0
2085,CS3196,0
2086,CS3197,0
2087,CS3198,0
2088,CS3199,0
2089,CS3200,0
2090,CS3201,0
2091,CS3202,0
2092,CS3203,0
2093,CS3204,0
2094,CS3205,0
2095,CS3206,0
2096,CS3207,1
2097,CS3208,0
2098,CS3209,0
2099,CS3210,0
2100,CS3211,0
2101,CS3212,0
2102,CS3213,0
2103,CS3214,0
2104,CS3215,1
2105,CS3216,0
2106,CS3217,0
2107,CS3218,0
2108,CS3219,0
2109,CS3220,0
2110,CS3221,0
2111,CS3222,0
2112,CS3223,0
2113,CS3224,0
2114,CS3225,0
2115,CS3226,0
2116,CS3227,0
2117,CS3228,1
2118,CS3229,0
2119,CS3230,0
2120,CS3231,0
2121,CS3232,1
2122,CS3233,0
2123,CS3234,1
2124,CS3235,0
2125,CS3236,0
2126,CS3237,0
2127,CS3238,0
2128,CS3239,0
2129,CS3240,0
2130,CS3241,0
2131,CS3242,0
2132,CS3243,0
2133,CS3244,1
2134,CS3245,1
2135,CS3246,0
2136,CS3247,0
2137,CS3248,0
2138,CS3249,1
2139,CS3250,0
2140,CS3251,0
2141,CS3252,0
2142,CS3253,0
2143,CS3254,0
2144,CS3255,1
2145,CS3256,1
2146,CS3257,0
2147,CS3258,0
2148,CS3259,1
2149,CS3260,1
2150,CS3261,0
2151,CS3262,0
2152,CS3263,0
2153,CS3264,0
2154,CS3265,0
2155,CS3266,0
2156,CS3267,0
2157,CS3268,0
2158,CS3269,0
2159,CS3270,0
2160,CS3271,0
2161,CS3272,0
2162,CS3273,0
2163,CS3274,0
2164,CS3275,0
2165,CS3276,0
2166,CS3277,0
2167,CS3278,0
2168,CS3279,0
2169,CS3280,1
2170,CS3281,1
2171,CS3282,0
2172,CS3283,0
2173,CS3284,0
2174,CS3285,0
2175,CS3286,0
2176,CS3287,0
2177,CS3288,0
2178,CS3289,0
2179,CS3290,0
2180,CS3291,0
2181,CS3292,0
2182,CS3293,0
2183,CS3294,0
2184,CS3295,1
2185,CS3296,0
2186,CS3297,0
2187,CS3298,0
2188,CS3299,0
2189,CS3300,0
2190,CS3301,0
2191,CS3302,0
2192,CS3303,0
2193,CS3304,0
2194,CS3305,0
2195,CS3306,0
2196,CS3307,0
2197,CS3308,0
2198,CS3309,0
2199,CS3310,0
2200,CS3311,0
2201,CS3312,0
2202,CS3313,1
2203,CS3314,0
2204,CS3315,0
2205,CS3316,0
2206,CS3317,0
2207,CS3318,1
2208,CS3319,0
2209,CS3320,0
2210,CS3321,0
2211,CS3322,0
2212,CS3323,0
2213,CS3324,0
2214,CS3325,0
2215,CS3326,0
2216,CS3327,0
2217,CS3328,0
2218,CS3329,0
2219,CS3330,0
2220,CS3331,0
2221,CS3332,0
2222,CS3333,0
2223,CS3334,0
2224,CS3335,0
2225,CS3336,0
2226,CS3337,0
2227,CS3338,0
2228,CS3339,0
2229,CS3340,1
2230,CS3341,0
2231,CS3342,0
2232,CS3343,0
2233,CS3344,0
2234,CS3345,0
2235,CS3346,0
2236,CS3347,1
2237,CS3348,0
2238,CS3349,0
2239,CS3350,0
2240,CS3351,0
2241,CS3352,0
2242,CS3353,0
2243,CS3354,0
2244,CS3355,0
2245,CS3356,0
2246,CS3357,0
2247,CS3358,0
2248,CS3359,0
2249,CS3360,0
2250,CS3361,1
2251,CS3362,1
2252,CS3363,0
2253,CS3364,1
2254,CS3365,0
2255,CS3366,0
2256,CS3367,0
2257,CS3368,1
2258,CS3369,0
2259,CS3370,0
2260,CS3371,0
2261,CS3372,0
2262,CS3373,0
2263,CS3374,0
2264,CS3375,0
2265,CS3376,0
2266,CS3377,0
2267,CS3378,0
2268,CS3379,0
2269,CS3380,0
2270,CS3381,0
2271,CS3382,0
2272,CS3383,0
2273,CS3384,0
2274,CS3385,0
2275,CS3386,1
2276,CS3387,0
2277,CS3388,0
2278,CS3389,0
2279,CS3390,0
2280,CS3391,0
2281,CS3392,0
2282,CS3393,0
2283,CS3394,0
2284,CS3395,0
2285,CS3396,0
2286,CS3397,0
2287,CS3398,1
2288,CS3399,0
2289,CS3400,0
2290,CS3401,1
2291,CS3402,0
2292,CS3403,0
2293,CS3404,0
2294,CS3405,0
2295,CS3406,1
2296,CS3407,0
2297,CS3408,0
2298,CS3409,1
2299,CS3410,0
2300,CS3411,0
2301,CS3412,0
2302,CS3413,0
2303,CS3414,0
2304,CS3415,1
2305,CS3416,0
2306,CS3417,0
2307,CS3418,0
2308,CS3419,0
2309,CS3420,0
2310,CS3421,0
2311,CS3422,0
2312,CS3423,0
2313,CS3424,0
2314,CS3425,0
2315,CS3426,0
2316,CS3427,0
2317,CS3428,0
2318,CS3429,1
2319,CS3430,0
2320,CS3431,0
2321,CS3432,0
2322,CS3433,0
2323,CS3434,0
2324,CS3435,0
2325,CS3436,0
2326,CS3437,0
2327,CS3438,1
2328,CS3439,1
2329,CS3440,0
2330,CS3441,0
2331,CS3442,0
2332,CS3443,0
2333,CS3444,0
2334,CS3445,0
2335,CS3446,0
2336,CS3447,0
2337,CS3448,0
2338,CS3449,0
2339,CS3450,0
2340,CS3451,0
2341,CS3452,0
2342,CS3453,1
2343,CS3454,0
2344,CS3455,0
2345,CS3456,1
2346,CS3457,0
2347,CS3458,0
2348,CS3459,0
2349,CS3460,0
2350,CS3461,0
2351,CS3462,0
2352,CS3463,0
2353,CS3464,0
2354,CS3465,0
2355,CS3466,0
2356,CS3467,0
2357,CS3468,1
2358,CS3469,0
2359,CS3470,0
2360,CS3471,0
2361,CS3472,0
2362,CS3473,1
2363,CS3474,0
2364,CS3475,1
2365,CS3476,0
2366,CS3477,0
2367,CS3478,0
2368,CS3479,0
2369,CS3480,0
2370,CS3481,0
2371,CS3482,0
2372,CS3483,0
2373,CS3484,0
2374,CS3485,1
2375,CS3486,0
2376,CS3487,0
2377,CS3488,0
2378,CS3489,0
2379,CS3490,0
2380,CS3491,0
2381,CS3492,0
2382,CS3493,0
2383,CS3494,0
2384,CS3495,1
2385,CS3496,0
2386,CS3497,0
2387,CS3498,0
2388,CS3499,0
2389,CS3500,0
2390,CS3501,1
2391,CS3502,0
2392,CS3503,0
2393,CS3504,1
2394,CS3505,1
2395,CS3506,0
2396,CS3507,0
2397,CS3508,0
2398,CS3509,0
2399,CS3510,0
2400,CS3511,0
2401,CS3512,0
2402,CS3513,0
2403,CS3514,1
2404,CS3515,0
2405,CS3516,0
2406,CS3517,0
2407,CS3518,0
2408,CS3519,0
2409,CS3520,0
2410,CS3521,0
2411,CS3522,0
2412,CS3523,0
2413,CS3524,0
2414,CS3525,0
2415,CS3526,0
2416,CS3527,0
2417,CS3528,0
2418,CS3529,0
2419,CS3530,1
2420,CS3531,0
2421,CS3532,0
2422,CS3533,0
2423,CS3534,0
2424,CS3535,0
2425,CS3536,0
2426,CS3537,0
2427,CS3538,0
2428,CS3539,0
2429,CS3540,0
2430,CS3541,1
2431,CS3542,0
2432,CS3543,0
2433,CS3544,0
2434,CS3545,0
2435,CS3546,0
2436,CS3547,0
2437,CS3548,0
2438,CS3549,0
2439,CS3550,0
2440,CS3551,0
2441,CS3552,0
2442,CS3553,0
2443,CS3554,0
2444,CS3555,0
2445,CS3556,1
2446,CS3557,0
2447,CS3558,0
2448,CS3559,0
2449,CS3560,0
2450,CS3561,0
2451,CS3562,0
2452,CS3563,0
2453,CS3564,0
2454,CS3565,0
2455,CS3566,0
2456,CS3567,0
2457,CS3568,0
2458,CS3569,0
2459,CS3570,0
2460,CS3571,0
2461,CS3572,1
2462,CS3573,0
2463,CS3574,0
2464,CS3575,0
2465,CS3576,0
2466,CS3577,0
2467,CS3578,0
2468,CS3579,0
2469,CS3580,0
2470,CS3581,0
2471,CS3582,0
2472,CS3583,0
2473,CS3584,0
2474,CS3585,0
2475,CS3586,0
2476,CS3587,0
2477,CS3588,0
2478,CS3589,0
2479,CS3590,0
2480,CS3591,0
2481,CS3592,0
2482,CS3593,0
2483,CS3594,1
2484,CS3595,1
2485,CS3596,0
2486,CS3597,1
2487,CS3598,0
2488,CS3599,0
2489,CS3600,0
2490,CS3601,0
2491,CS3602,0
2492,CS3603,0
2493,CS3604,0
2494,CS3605,0
2495,CS3606,0
2496,CS3607,0
2497,CS3608,1
2498,CS3609,0
2499,CS3610,0
2500,CS3611,0
2501,CS3612,0
2502,CS3613,0
2503,CS3614,0
2504,CS3615,0
2505,CS3616,0
2506,CS3617,0
2507,CS3618,0
2508,CS3619,0
2509,CS3620,0
2510,CS3621,0
2511,CS3622,0
2512,CS3623,0
2513,CS3624,0
2514,CS3625,0
2515,CS3626,0
2516,CS3627,0
2517,CS3628,0
2518,CS3629,0
2519,CS3630,0
2520,CS3631,1
2521,CS3632,0
2522,CS3633,0
2523,CS3634,0
2524,CS3635,0
2525,CS3636,0
2526,CS3637,0
2527,CS3638,0
2528,CS3639,0
2529,CS3640,0
2530,CS3641,0
2531,CS3642,1
2532,CS3643,0
2533,CS3644,0
2534,CS3645,1
2535,CS3646,0
2536,CS3647,0
2537,CS3648,0
2538,CS3649,0
2539,CS3650,0
2540,CS3651,0
2541,CS3652,0
2542,CS3653,0
2543,CS3654,0
2544,CS3655,1
2545,CS3656,0
2546,CS3657,0
2547,CS3658,1
2548,CS3659,0
2549,CS3660,0
2550,CS3661,0
2551,CS3662,0
2552,CS3663,0
2553,CS3664,0
2554,CS3665,1
2555,CS3666,0
2556,CS3667,0
2557,CS3668,0
2558,CS3669,0
2559,CS3670,0
2560,CS3671,0
2561,CS3672,0
2562,CS3673,0
2563,CS3674,0
2564,CS3675,0
2565,CS3676,0
2566,CS3677,0
2567,CS3678,0
2568,CS3679,1
2569,CS3680,0
2570,CS3681,0
2571,CS3682,0
2572,CS3683,0
2573,CS3684,0
2574,CS3685,0
2575,CS3686,0
2576,CS3687,0
2577,CS3688,0
2578,CS3689,0
2579,CS3690,0
2580,CS3691,0
2581,CS3692,0
2582,CS3693,0
2583,CS3694,1
2584,CS3695,0
2585,CS3696,0
2586,CS3697,0
2587,CS3698,0
2588,CS3699,0
2589,CS3700,0
2590,CS3701,0
2591,CS3702,1
2592,CS3703,1
2593,CS3704,1
2594,CS3705,0
2595,CS3706,0
2596,CS3707,0
2597,CS3708,0
2598,CS3709,0
2599,CS3710,1
2600,CS3711,0
2601,CS3712,0
2602,CS3713,0
2603,CS3714,0
2604,CS3715,0
2605,CS3716,0
2606,CS3717,0
2607,CS3718,0
2608,CS3719,0
2609,CS3720,0
2610,CS3721,0
2611,CS3722,0
2612,CS3723,0
2613,CS3724,0
2614,CS3725,0
2615,CS3726,0
2616,CS3727,0
2617,CS3728,0
2618,CS3729,0
2619,CS3730,1
2620,CS3731,0
2621,CS3732,1
2622,CS3733,0
2623,CS3734,0
2624,CS3735,0
2625,CS3736,0
2626,CS3737,0
2627,CS3738,0
2628,CS3739,0
2629,CS3740,0
2630,CS3741,0
2631,CS3742,0
2632,CS3743,0
2633,CS3744,1
2634,CS3745,0
2635,CS3746,0
2636,CS3747,0
2637,CS3748,0
2638,CS3749,0
2639,CS3750,1
2640,CS3751,0
2641,CS3752,0
2642,CS3753,0
2643,CS3754,0
2644,CS3755,0
2645,CS3756,0
2646,CS3757,0
2647,CS3758,0
2648,CS3759,0
2649,CS3760,0
2650,CS3761,1
2651,CS3762,0
2652,CS3763,0
2653,CS3764,0
2654,CS3765,1
2655,CS3766,0
2656,CS3767,0
2657,CS3768,1
2658,CS3769,0
2659,CS3770,0
2660,CS3771,0
2661,CS3772,0
2662,CS3773,0
2663,CS3774,0
2664,CS3775,0
2665,CS3776,0
2666,CS3777,0
2667,CS3778,0
2668,CS3779,0
2669,CS3780,0
2670,CS3781,0
2671,CS3782,1
2672,CS3783,0
2673,CS3784,0
2674,CS3785,0
2675,CS3786,0
2676,CS3787,0
2677,CS3788,0
2678,CS3789,0
2679,CS3790,0
2680,CS3791,0
2681,CS3792,0
2682,CS3793,0
2683,CS3794,0
2684,CS3795,0
2685,CS3796,0
2686,CS3797,0
2687,CS3798,0
2688,CS3799,0
2689,CS3800,0
2690,CS3801,0
2691,CS3802,1
2692,CS3803,0
2693,CS3804,0
2694,CS3805,0
2695,CS3806,0
2696,CS3807,0
2697,CS3808,0
2698,CS3809,0
2699,CS3810,0
2700,CS3811,1
2701,CS3812,1
2702,CS3813,1
2703,CS3814,0
2704,CS3815,0
2705,CS3816,0
2706,CS3817,0
2707,CS3818,0
2708,CS3819,0
2709,CS3820,1
2710,CS3821,0
2711,CS3822,0
2712,CS3823,0
2713,CS3824,0
2714,CS3825,0
2715,CS3826,0
2716,CS3827,0
2717,CS3828,0
2718,CS3829,0
2719,CS3830,0
2720,CS3831,0
2721,CS3832,0
2722,CS3833,0
2723,CS3834,0
2724,CS3835,0
2725,CS3836,0
2726,CS3837,0
2727,CS3838,0
2728,CS3839,0
2729,CS3840,0
2730,CS3841,1
2731,CS3842,0
2732,CS3843,0
2733,CS3844,0
2734,CS3845,0
2735,CS3846,0
2736,CS3847,0
2737,CS3848,0
2738,CS3849,1
2739,CS3850,0
2740,CS3851,0
2741,CS3852,0
2742,CS3853,0
2743,CS3854,1
2744,CS3855,0
2745,CS3856,0
2746,CS3857,0
2747,CS3858,0
2748,CS3859,1
2749,CS3860,0
2750,CS3861,0
2751,CS3862,0
2752,CS3863,0
2753,CS3864,0
2754,CS3865,0
2755,CS3866,0
2756,CS3867,1
2757,CS3868,0
2758,CS3869,0
2759,CS3870,0
2760,CS3871,0
2761,CS3872,0
2762,CS3873,0
2763,CS3874,0
2764,CS3875,1
2765,CS3876,0
2766,CS3877,0
2767,CS3878,0
2768,CS3879,0
2769,CS3880,1
2770,CS3881,0
2771,CS3882,0
2772,CS3883,0
2773,CS3884,0
2774,CS3885,0
2775,CS3886,1
2776,CS3887,0
2777,CS3888,0
2778,CS3889,0
2779,CS3890,0
2780,CS3891,0
2781,CS3892,0
2782,CS3893,0
2783,CS3894,1
2784,CS3895,0
2785,CS3896,0
2786,CS3897,0
2787,CS3898,1
2788,CS3899,0
2789,CS3900,0
2790,CS3901,0
2791,CS3902,0
2792,CS3903,1
2793,CS3904,0
2794,CS3905,1
2795,CS3906,0
2796,CS3907,0
2797,CS3908,1
2798,CS3909,0
2799,CS3910,0
2800,CS3911,0
2801,CS3912,0
2802,CS3913,0
2803,CS3914,0
2804,CS3915,0
2805,CS3916,0
2806,CS3917,0
2807,CS3918,0
2808,CS3919,0
2809,CS3920,0
2810,CS3921,0
2811,CS3922,0
2812,CS3923,0
2813,CS3924,0
2814,CS3925,0
2815,CS3926,0
2816,CS3927,1
2817,CS3928,0
2818,CS3929,1
2819,CS3930,0
2820,CS3931,0
2821,CS3932,0
2822,CS3933,0
2823,CS3934,0
2824,CS3935,0
2825,CS3936,1
2826,CS3937,0
2827,CS3938,0
2828,CS3939,0
2829,CS3940,0
2830,CS3941,0
2831,CS3942,1
2832,CS3943,0
2833,CS3944,0
2834,CS3945,0
2835,CS3946,0
2836,CS3947,1
2837,CS3948,0
2838,CS3949,0
2839,CS3950,1
2840,CS3951,0
2841,CS3952,0
2842,CS3953,0
2843,CS3954,0
2844,CS3955,0
2845,CS3956,0
2846,CS3957,0
2847,CS3958,0
2848,CS3959,0
2849,CS3960,0
2850,CS3961,0
2851,CS3962,0
2852,CS3963,0
2853,CS3964,0
2854,CS3965,0
2855,CS3966,0
2856,CS3967,0
2857,CS3968,0
2858,CS3969,1
2859,CS3970,0
2860,CS3971,0
2861,CS3972,0
2862,CS3973,0
2863,CS3974,0
2864,CS3975,0
2865,CS3976,0
2866,CS3977,0
2867,CS3978,0
2868,CS3979,0
2869,CS3980,0
2870,CS3981,0
2871,CS3982,0
2872,CS3983,0
2873,CS3984,0
2874,CS3985,0
2875,CS3986,0
2876,CS3987,0
2877,CS3988,0
2878,CS3989,0
2879,CS3990,0
2880,CS3991,0
2881,CS3992,0
2882,CS3993,0
2883,CS3994,0
2884,CS3995,0
2885,CS3996,0
2886,CS3997,0
2887,CS3998,0
2888,CS3999,1
2889,CS4000,0
2890,CS4001,0
2891,CS4002,0
2892,CS4003,0
2893,CS4004,0
2894,CS4005,0
2895,CS4006,0
2896,CS4007,0
2897,CS4008,0
2898,CS4009,0
2899,CS4010,0
2900,CS4011,0
2901,CS4012,0
2902,CS4013,0
2903,CS4014,0
2904,CS4015,0
2905,CS4016,1
2906,CS4017,0
2907,CS4018,0
2908,CS4019,1
2909,CS4020,0
2910,CS4021,0
2911,CS4022,0
2912,CS4023,0
2913,CS4024,0
2914,CS4025,0
2915,CS4026,0
2916,CS4027,0
2917,CS4028,0
2918,CS4029,0
2919,CS4030,0
2920,CS4031,0
2921,CS4032,0
2922,CS4033,0
2923,CS4034,0
2924,CS4035,0
2925,CS4036,0
2926,CS4037,0
2927,CS4038,0
2928,CS4039,0
2929,CS4040,0
2930,CS4041,0
2931,CS4042,0
2932,CS4043,0
2933,CS4044,0
2934,CS4045,0
2935,CS4046,0
2936,CS4047,0
2937,CS4048,0
2938,CS4049,0
2939,CS4050,0
2940,CS4051,0
2941,CS4052,0
2942,CS4053,0
2943,CS4054,0
2944,CS4055,0
2945,CS4056,0
2946,CS4057,0
2947,CS4058,0
2948,CS4059,0
2949,CS4060,0
2950,CS4061,1
2951,CS4062,0
2952,CS4063,0
2953,CS4064,0
2954,CS4065,0
2955,CS4066,0
2956,CS4067,0
2957,CS4068,0
2958,CS4069,0
2959,CS4070,0
2960,CS4071,0
2961,CS4072,0
2962,CS4073,0
2963,CS4074,0
2964,CS4075,0
2965,CS4076,1
2966,CS4077,0
2967,CS4078,0
2968,CS4079,0
2969,CS4080,0
2970,CS4081,0
2971,CS4082,0
2972,CS4083,0
2973,CS4084,0
2974,CS4085,0
2975,CS4086,0
2976,CS4087,0
2977,CS4088,0
2978,CS4089,0
2979,CS4090,0
2980,CS4091,0
2981,CS4092,0
2982,CS4093,0
2983,CS4094,0
2984,CS4095,0
2985,CS4096,0
2986,CS4097,0
2987,CS4098,1
2988,CS4099,0
2989,CS4100,0
2990,CS4101,0
2991,CS4102,0
2992,CS4103,0
2993,CS4104,0
2994,CS4105,0
2995,CS4106,1
2996,CS4107,1
2997,CS4108,1
2998,CS4109,0
2999,CS4110,1
3000,CS4111,0
3001,CS4112,0
3002,CS4113,0
3003,CS4114,0
3004,CS4115,1
3005,CS4116,1
3006,CS4117,0
3007,CS4118,0
3008,CS4119,0
3009,CS4120,0
3010,CS4121,0
3011,CS4122,0
3012,CS4123,0
3013,CS4124,1
3014,CS4125,0
3015,CS4126,0
3016,CS4127,0
3017,CS4128,0
3018,CS4129,0
3019,CS4130,0
3020,CS4131,0
3021,CS4132,0
3022,CS4133,0
3023,CS4134,0
3024,CS4135,0
3025,CS4136,1
3026,CS4137,0
3027,CS4138,0
3028,CS4139,1
3029,CS4140,0
3030,CS4141,0
3031,CS4142,0
3032,CS4143,0
3033,CS4144,0
3034,CS4145,0
3035,CS4146,0
3036,CS4147,0
3037,CS4148,0
3038,CS4149,0
3039,CS4150,0
3040,CS4151,0
3041,CS4152,0
3042,CS4153,0
3043,CS4154,0
3044,CS4155,0
3045,CS4156,0
3046,CS4157,1
3047,CS4158,0
3048,CS4159,0
3049,CS4160,0
3050,CS4161,0
3051,CS4162,0
3052,CS4163,0
3053,CS4164,0
3054,CS4165,0
3055,CS4166,0
3056,CS4167,0
3057,CS4168,0
3058,CS4169,0
3059,CS4170,0
3060,CS4171,0
3061,CS4172,0
3062,CS4173,0
3063,CS4174,0
3064,CS4175,0
3065,CS4176,0
3066,CS4177,0
3067,CS4178,0
3068,CS4179,0
3069,CS4180,0
3070,CS4181,0
3071,CS4182,0
3072,CS4183,1
3073,CS4184,0
3074,CS4185,0
3075,CS4186,0
3076,CS4187,0
3077,CS4188,0
3078,CS4189,0
3079,CS4190,0
3080,CS4191,0
3081,CS4192,0
3082,CS4193,0
3083,CS4194,0
3084,CS4195,0
3085,CS4196,0
3086,CS4197,0
3087,CS4198,0
3088,CS4199,0
3089,CS4200,0
3090,CS4201,0
3091,CS4202,0
3092,CS4203,0
3093,CS4204,0
3094,CS4205,0
3095,CS4206,0
3096,CS4207,0
3097,CS4208,0
3098,CS4209,0
3099,CS4210,0
3100,CS4211,0
3101,CS4212,0
3102,CS4213,0
3103,CS4214,0
3104,CS4215,0
3105,CS4216,0
3106,CS4217,0
3107,CS4218,0
3108,CS4219,0
3109,CS4220,0
3110,CS4221,0
3111,CS4222,0
3112,CS4223,0
3113,CS4224,0
3114,CS4225,0
3115,CS4226,0
3116,CS4227,0
3117,CS4228,0
3118,CS4229,0
3119,CS4230,0
3120,CS4231,0
3121,CS4232,1
3122,CS4233,0
3123,CS4234,0
3124,CS4235,0
3125,CS4236,0
3126,CS4237,0
3127,CS4238,0
3128,CS4239,0
3129,CS4240,1
3130,CS4241,0
3131,CS4242,0
3132,CS4243,0
3133,CS4244,0
3134,CS4245,0
3135,CS4246,0
3136,CS4247,0
3137,CS4248,1
3138,CS4249,0
3139,CS4250,0
3140,CS4251,0
3141,CS4252,0
3142,CS4253,0
3143,CS4254,0
3144,CS4255,0
3145,CS4256,0
3146,CS4257,0
3147,CS4258,0
3148,CS4259,0
3149,CS4260,1
3150,CS4261,0
3151,CS4262,0
3152,CS4263,0
3153,CS4264,0
3154,CS4265,0
3155,CS4266,0
3156,CS4267,1
3157,CS4268,0
3158,CS4269,0
3159,CS4270,0
3160,CS4271,0
3161,CS4272,0
3162,CS4273,0
3163,CS4274,0
3164,CS4275,0
3165,CS4276,1
3166,CS4277,0
3167,CS4278,0
3168,CS4279,0
3169,CS4280,0
3170,CS4281,0
3171,CS4282,0
3172,CS4283,0
3173,CS4284,0
3174,CS4285,0
3175,CS4286,0
3176,CS4287,0
3177,CS4288,0
3178,CS4289,0
3179,CS4290,0
3180,CS4291,0
3181,CS4292,0
3182,CS4293,0
3183,CS4294,1
3184,CS4295,0
3185,CS4296,0
3186,CS4297,1
3187,CS4298,0
3188,CS4299,0
3189,CS4300,0
3190,CS4301,0
3191,CS4302,0
3192,CS4303,1
3193,CS4304,0
3194,CS4305,0
3195,CS4306,0
3196,CS4307,0
3197,CS4308,0
3198,CS4309,0
3199,CS4310,0
3200,CS4311,1
3201,CS4312,0
3202,CS4313,0
3203,CS4314,0
3204,CS4315,0
3205,CS4316,0
3206,CS4317,0
3207,CS4318,0
3208,CS4319,0
3209,CS4320,1
3210,CS4321,0
3211,CS4322,0
3212,CS4323,0
3213,CS4324,0
3214,CS4325,0
3215,CS4326,0
3216,CS4327,0
3217,CS4328,0
3218,CS4329,0
3219,CS4330,0
3220,CS4331,0
3221,CS4332,0
3222,CS4333,0
3223,CS4334,0
3224,CS4335,0
3225,CS4336,0
3226,CS4337,0
3227,CS4338,0
3228,CS4339,1
3229,CS4340,1
3230,CS4341,0
3231,CS4342,0
3232,CS4343,0
3233,CS4344,0
3234,CS4345,1
3235,CS4346,0
3236,CS4347,0
3237,CS4348,0
3238,CS4349,0
3239,CS4350,1
3240,CS4351,0
3241,CS4352,1
3242,CS4353,0
3243,CS4354,1
3244,CS4355,0
3245,CS4356,1
3246,CS4357,1
3247,CS4358,1
3248,CS4359,0
3249,CS4360,0
3250,CS4361,0
3251,CS4362,0
3252,CS4363,0
3253,CS4364,0
3254,CS4365,0
3255,CS4366,0
3256,CS4367,0
3257,CS4368,0
3258,CS4369,0
3259,CS4370,0
3260,CS4371,0
3261,CS4372,0
3262,CS4373,0
3263,CS4374,0
3264,CS4375,0
3265,CS4376,0
3266,CS4377,0
3267,CS4378,0
3268,CS4379,0
3269,CS4380,1
3270,CS4381,1
3271,CS4382,0
3272,CS4383,0
3273,CS4384,0
3274,CS4385,0
3275,CS4386,0
3276,CS4387,0
3277,CS4388,0
3278,CS4389,1
3279,CS4390,0
3280,CS4391,1
3281,CS4392,0
3282,CS4393,0
3283,CS4394,0
3284,CS4395,0
3285,CS4396,0
3286,CS4397,0
3287,CS4398,0
3288,CS4399,0
3289,CS4400,0
3290,CS4401,0
3291,CS4402,0
3292,CS4403,0
3293,CS4404,0
3294,CS4405,0
3295,CS4406,0
3296,CS4407,1
3297,CS4408,0
3298,CS4409,1
3299,CS4410,0
3300,CS4411,1
3301,CS4412,0
3302,CS4413,0
3303,CS4414,0
3304,CS4415,0
3305,CS4416,0
3306,CS4417,0
3307,CS4418,0
3308,CS4419,0
3309,CS4420,0
3310,CS4421,0
3311,CS4422,0
3312,CS4423,0
3313,CS4424,0
3314,CS4425,0
3315,CS4426,0
3316,CS4427,0
3317,CS4428,0
3318,CS4429,0
3319,CS4430,0
3320,CS4431,0
3321,CS4432,1
3322,CS4433,0
3323,CS4434,0
3324,CS4435,0
3325,CS4436,0
3326,CS4437,0
3327,CS4438,1
3328,CS4439,0
3329,CS4440,0
3330,CS4441,0
3331,CS4442,1
3332,CS4443,0
3333,CS4444,0
3334,CS4445,0
3335,CS4446,0
3336,CS4447,0
3337,CS4448,0
3338,CS4449,0
3339,CS4450,0
3340,CS4451,1
3341,CS4452,0
3342,CS4453,0
3343,CS4454,0
3344,CS4455,0
3345,CS4456,0
3346,CS4457,1
3347,CS4458,1
3348,CS4459,0
3349,CS4460,0
3350,CS4461,0
3351,CS4462,0
3352,CS4463,0
3353,CS4464,0
3354,CS4465,0
3355,CS4466,1
3356,CS4467,0
3357,CS4468,0
3358,CS4469,0
3359,CS4470,1
3360,CS4471,0
3361,CS4472,1
3362,CS4473,0
3363,CS4474,0
3364,CS4475,1
3365,CS4476,0
3366,CS4477,0
3367,CS4478,1
3368,CS4479,1
3369,CS4480,0
3370,CS4481,0
3371,CS4482,0
3372,CS4483,1
3373,CS4484,0
3374,CS4485,0
3375,CS4486,0
3376,CS4487,0
3377,CS4488,0
3378,CS4489,0
3379,CS4490,0
3380,CS4491,0
3381,CS4492,0
3382,CS4493,0
3383,CS4494,1
3384,CS4495,0
3385,CS4496,0
3386,CS4497,0
3387,CS4498,0
3388,CS4499,0
3389,CS4500,0
3390,CS4501,0
3391,CS4502,0
3392,CS4503,1
3393,CS4504,0
3394,CS4505,0
3395,CS4506,1
3396,CS4507,0
3397,CS4508,0
3398,CS4509,0
3399,CS4510,0
3400,CS4511,0
3401,CS4512,0
3402,CS4513,0
3403,CS4514,0
3404,CS4515,0
3405,CS4516,0
3406,CS4517,0
3407,CS4518,0
3408,CS4519,0
3409,CS4520,0
3410,CS4521,0
3411,CS4522,0
3412,CS4523,0
3413,CS4524,0
3414,CS4525,1
3415,CS4526,0
3416,CS4527,0
3417,CS4528,0
3418,CS4529,0
3419,CS4530,0
3420,CS4531,0
3421,CS4532,0
3422,CS4533,1
3423,CS4534,0
3424,CS4535,1
3425,CS4536,0
3426,CS4537,0
3427,CS4538,0
3428,CS4539,1
3429,CS4540,1
3430,CS4541,0
3431,CS4542,0
3432,CS4543,0
3433,CS4544,0
3434,CS4545,0
3435,CS4546,0
3436,CS4547,1
3437,CS4548,0
3438,CS4549,1
3439,CS4550,0
3440,CS4551,0
3441,CS4552,0
3442,CS4553,0
3443,CS4554,0
3444,CS4555,0
3445,CS4556,0
3446,CS4557,0
3447,CS4558,0
3448,CS4559,0
3449,CS4560,0
3450,CS4561,1
3451,CS4562,0
3452,CS4563,0
3453,CS4564,0
3454,CS4565,0
3455,CS4566,1
3456,CS4567,0
3457,CS4568,0
3458,CS4569,0
3459,CS4570,0
3460,CS4571,0
3461,CS4572,1
3462,CS4573,0
3463,CS4574,0
3464,CS4575,0
3465,CS4576,0
3466,CS4577,0
3467,CS4578,1
3468,CS4579,0
3469,CS4580,1
3470,CS4581,0
3471,CS4582,1
3472,CS4583,0
3473,CS4584,0
3474,CS4585,0
3475,CS4586,0
3476,CS4587,0
3477,CS4588,0
3478,CS4589,0
3479,CS4590,0
3480,CS4591,0
3481,CS4592,0
3482,CS4593,0
3483,CS4594,0
3484,CS4595,0
3485,CS4596,0
3486,CS4597,0
3487,CS4598,0
3488,CS4599,0
3489,CS4600,0
3490,CS4601,0
3491,CS4602,0
3492,CS4603,1
3493,CS4604,1
3494,CS4605,0
3495,CS4606,0
3496,CS4607,0
3497,CS4608,0
3498,CS4609,0
3499,CS4610,0
3500,CS4611,0
3501,CS4612,0
3502,CS4613,1
3503,CS4614,0
3504,CS4615,0
3505,CS4616,0
3506,CS4617,0
3507,CS4618,0
3508,CS4619,0
3509,CS4620,0
3510,CS4621,0
3511,CS4622,0
3512,CS4623,1
3513,CS4624,1
3514,CS4625,0
3515,CS4626,0
3516,CS4627,0
3517,CS4628,0
3518,CS4629,0
3519,CS4630,0
3520,CS4631,0
3521,CS4632,0
3522,CS4633,0
3523,CS4634,0
3524,CS4635,1
3525,CS4636,0
3526,CS4637,1
3527,CS4638,0
3528,CS4639,0
3529,CS4640,0
3530,CS4641,0
3531,CS4642,0
3532,CS4643,0
3533,CS4644,0
3534,CS4645,0
3535,CS4646,0
3536,CS4647,0
3537,CS4648,0
3538,CS4649,0
3539,CS4650,0
3540,CS4651,0
3541,CS4652,1
3542,CS4653,0
3543,CS4654,0
3544,CS4655,0
3545,CS4656,0
3546,CS4657,0
3547,CS4658,0
3548,CS4659,0
3549,CS4660,0
3550,CS4661,0
3551,CS4662,0
3552,CS4663,0
3553,CS4664,0
3554,CS4665,0
3555,CS4666,1
3556,CS4667,0
3557,CS4668,0
3558,CS4669,0
3559,CS4670,0
3560,CS4671,0
3561,CS4672,0
3562,CS4673,0
3563,CS4674,0
3564,CS4675,0
3565,CS4676,0
3566,CS4677,0
3567,CS4678,0
3568,CS4679,0
3569,CS4680,0
3570,CS4681,0
3571,CS4682,0
3572,CS4683,0
3573,CS4684,0
3574,CS4685,1
3575,CS4686,0
3576,CS4687,0
3577,CS4688,0
3578,CS4689,0
3579,CS4690,0
3580,CS4691,0
3581,CS4692,0
3582,CS4693,0
3583,CS4694,0
3584,CS4695,0
3585,CS4696,0
3586,CS4697,0
3587,CS4698,0
3588,CS4699,1
3589,CS4700,0
3590,CS4701,0
3591,CS4702,1
3592,CS4703,0
3593,CS4704,0
3594,CS4705,0
3595,CS4706,0
3596,CS4707,0
3597,CS4708,0
3598,CS4709,0
3599,CS4710,0
3600,CS4711,0
3601,CS4712,0
3602,CS4713,0
3603,CS4714,0
3604,CS4715,0
3605,CS4716,0
3606,CS4717,1
3607,CS4718,0
3608,CS4719,0
3609,CS4720,0
3610,CS4721,0
3611,CS4722,0
3612,CS4723,0
3613,CS4724,0
3614,CS4725,0
3615,CS4726,0
3616,CS4727,1
3617,CS4728,1
3618,CS4729,0
3619,CS4730,0
3620,CS4731,0
3621,CS4732,0
3622,CS4733,0
3623,CS4734,0
3624,CS4735,0
3625,CS4736,0
3626,CS4737,0
3627,CS4738,0
3628,CS4739,1
3629,CS4740,0
3630,CS4741,0
3631,CS4742,0
3632,CS4743,0
3633,CS4744,0
3634,CS4745,0
3635,CS4746,1
3636,CS4747,0
3637,CS4748,1
3638,CS4749,0
3639,CS4750,0
3640,CS4751,0
3641,CS4752,0
3642,CS4753,0
3643,CS4754,0
3644,CS4755,1
3645,CS4756,0
3646,CS4757,0
3647,CS4758,0
3648,CS4759,0
3649,CS4760,0
3650,CS4761,0
3651,CS4762,0
3652,CS4763,0
3653,CS4764,0
3654,CS4765,0
3655,CS4766,0
3656,CS4767,0
3657,CS4768,1
3658,CS4769,0
3659,CS4770,0
3660,CS4771,0
3661,CS4772,0
3662,CS4773,0
3663,CS4774,0
3664,CS4775,0
3665,CS4776,0
3666,CS4777,0
3667,CS4778,0
3668,CS4779,1
3669,CS4780,0
3670,CS4781,0
3671,CS4782,0
3672,CS4783,0
3673,CS4784,0
3674,CS4785,0
3675,CS4786,0
3676,CS4787,0
3677,CS4788,0
3678,CS4789,0
3679,CS4790,0
3680,CS4791,0
3681,CS4792,0
3682,CS4793,0
3683,CS4794,0
3684,CS4795,0
3685,CS4796,0
3686,CS4797,0
3687,CS4798,1
3688,CS4799,0
3689,CS4800,0
3690,CS4801,0
3691,CS4802,0
3692,CS4803,0
3693,CS4804,0
3694,CS4805,0
3695,CS4806,0
3696,CS4807,0
3697,CS4808,0
3698,CS4809,0
3699,CS4810,0
3700,CS4811,1
3701,CS4812,0
3702,CS4813,0
3703,CS4814,0
3704,CS4815,0
3705,CS4816,0
3706,CS4817,0
3707,CS4818,0
3708,CS4819,1
3709,CS4820,0
3710,CS4821,0
3711,CS4822,0
3712,CS4823,0
3713,CS4824,0
3714,CS4825,0
3715,CS4826,0
3716,CS4827,0
3717,CS4828,0
3718,CS4829,0
3719,CS4830,0
3720,CS4831,0
3721,CS4832,0
3722,CS4833,0
3723,CS4834,0
3724,CS4835,0
3725,CS4836,0
3726,CS4837,0
3727,CS4838,0
3728,CS4839,1
3729,CS4840,0
3730,CS4841,0
3731,CS4842,0
3732,CS4843,0
3733,CS4844,0
3734,CS4845,0
3735,CS4846,0
3736,CS4847,0
3737,CS4848,0
3738,CS4849,0
3739,CS4850,0
3740,CS4851,0
3741,CS4852,0
3742,CS4853,0
3743,CS4854,0
3744,CS4855,0
3745,CS4856,0
3746,CS4857,0
3747,CS4858,0
3748,CS4859,1
3749,CS4860,0
3750,CS4861,0
3751,CS4862,0
3752,CS4863,0
3753,CS4864,0
3754,CS4865,0
3755,CS4866,0
3756,CS4867,0
3757,CS4868,0
3758,CS4869,0
3759,CS4870,0
3760,CS4871,0
3761,CS4872,1
3762,CS4873,0
3763,CS4874,0
3764,CS4875,0
3765,CS4876,0
3766,CS4877,0
3767,CS4878,1
3768,CS4879,0
3769,CS4880,0
3770,CS4881,0
3771,CS4882,0
3772,CS4883,0
3773,CS4884,0
3774,CS4885,1
3775,CS4886,0
3776,CS4887,0
3777,CS4888,0
3778,CS4889,0
3779,CS4890,0
3780,CS4891,0
3781,CS4892,0
3782,CS4893,0
3783,CS4894,0
3784,CS4895,0
3785,CS4896,1
3786,CS4897,1
3787,CS4898,0
3788,CS4899,0
3789,CS4900,0
3790,CS4901,0
3791,CS4902,1
3792,CS4903,1
3793,CS4904,0
3794,CS4905,0
3795,CS4906,0
3796,CS4907,0
3797,CS4908,0
3798,CS4909,0
3799,CS4910,0
3800,CS4911,0
3801,CS4912,0
3802,CS4913,0
3803,CS4914,1
3804,CS4915,0
3805,CS4916,0
3806,CS4917,0
3807,CS4918,0
3808,CS4919,0
3809,CS4920,0
3810,CS4921,0
3811,CS4922,0
3812,CS4923,0
3813,CS4924,1
3814,CS4925,0
3815,CS4926,0
3816,CS4927,0
3817,CS4928,0
3818,CS4929,0
3819,CS4930,0
3820,CS4931,0
3821,CS4932,0
3822,CS4933,0
3823,CS4934,1
3824,CS4935,0
3825,CS4936,0
3826,CS4937,0
3827,CS4938,0
3828,CS4939,1
3829,CS4940,0
3830,CS4941,0
3831,CS4942,1
3832,CS4943,0
3833,CS4944,0
3834,CS4945,0
3835,CS4946,0
3836,CS4947,0
3837,CS4948,0
3838,CS4949,1
3839,CS4950,0
3840,CS4951,0
3841,CS4952,1
3842,CS4953,0
3843,CS4954,0
3844,CS4955,0
3845,CS4956,0
3846,CS4957,0
3847,CS4958,0
3848,CS4959,0
3849,CS4960,0
3850,CS4961,0
3851,CS4962,0
3852,CS4963,0
3853,CS4964,0
3854,CS4965,0
3855,CS4966,0
3856,CS4967,0
3857,CS4968,0
3858,CS4969,0
3859,CS4970,0
3860,CS4971,0
3861,CS4972,0
3862,CS4973,1
3863,CS4974,0
3864,CS4975,0
3865,CS4976,0
3866,CS4977,0
3867,CS4978,0
3868,CS4979,0
3869,CS4980,0
3870,CS4981,0
3871,CS4982,0
3872,CS4983,0
3873,CS4984,0
3874,CS4985,1
3875,CS4986,0
3876,CS4987,0
3877,CS4988,1
3878,CS4989,0
3879,CS4990,0
3880,CS4991,0
3881,CS4992,0
3882,CS4993,0
3883,CS4994,0
3884,CS4995,1
3885,CS4996,0
3886,CS4997,0
3887,CS4998,0
3888,CS4999,0
3889,CS5000,0
3890,CS5001,1
3891,CS5002,0
3892,CS5003,0
3893,CS5004,0
3894,CS5005,0
3895,CS5006,0
3896,CS5007,0
3897,CS5008,0
3898,CS5009,0
3899,CS5010,0
3900,CS5011,0
3901,CS5012,0
3902,CS5013,1
3903,CS5014,0
3904,CS5015,0
3905,CS5016,0
3906,CS5017,0
3907,CS5018,0
3908,CS5019,0
3909,CS5020,0
3910,CS5021,0
3911,CS5022,0
3912,CS5023,0
3913,CS5024,1
3914,CS5025,0
3915,CS5026,1
3916,CS5027,0
3917,CS5028,0
3918,CS5029,0
3919,CS5030,0
3920,CS5031,0
3921,CS5032,0
3922,CS5033,0
3923,CS5034,0
3924,CS5035,0
3925,CS5036,0
3926,CS5037,0
3927,CS5038,0
3928,CS5039,0
3929,CS5040,0
3930,CS5041,0
3931,CS5042,0
3932,CS5043,0
3933,CS5044,1
3934,CS5045,0
3935,CS5046,1
3936,CS5047,0
3937,CS5048,0
3938,CS5049,0
3939,CS5050,0
3940,CS5051,0
3941,CS5052,0
3942,CS5053,0
3943,CS5054,0
3944,CS5055,0
3945,CS5056,0
3946,CS5057,0
3947,CS5058,0
3948,CS5059,0
3949,CS5060,0
3950,CS5061,0
3951,CS5062,0
3952,CS5063,0
3953,CS5064,0
3954,CS5065,0
3955,CS5066,0
3956,CS5067,0
3957,CS5068,0
3958,CS5069,1
3959,CS5070,0
3960,CS5071,0
3961,CS5072,0
3962,CS5073,0
3963,CS5074,0
3964,CS5075,0
3965,CS5076,1
3966,CS5077,0
3967,CS5078,0
3968,CS5079,0
3969,CS5080,0
3970,CS5081,0
3971,CS5082,0
3972,CS5083,0
3973,CS5084,0
3974,CS5085,0
3975,CS5086,1
3976,CS5087,0
3977,CS5088,0
3978,CS5089,0
3979,CS5090,0
3980,CS5091,0
3981,CS5092,0
3982,CS5093,1
3983,CS5094,0
3984,CS5095,0
3985,CS5096,1
3986,CS5097,0
3987,CS5098,0
3988,CS5099,0
3989,CS5100,0
3990,CS5101,0
3991,CS5102,0
3992,CS5103,0
3993,CS5104,0
3994,CS5105,0
3995,CS5106,0
3996,CS5107,0
3997,CS5108,0
3998,CS5109,0
3999,CS5110,0
4000,CS5111,1
4001,CS5112,0
4002,CS5113,1
4003,CS5114,0
4004,CS5115,1
4005,CS5116,0
4006,CS5117,0
4007,CS5118,0
4008,CS5119,0
4009,CS5120,0
4010,CS5121,0
4011,CS5122,0
4012,CS5123,0
4013,CS5124,1
4014,CS5125,0
4015,CS5126,0
4016,CS5127,0
4017,CS5128,0
4018,CS5129,0
4019,CS5130,0
4020,CS5131,0
4021,CS5132,0
4022,CS5133,1
4023,CS5134,0
4024,CS5135,0
4025,CS5136,0
4026,CS5137,0
4027,CS5138,0
4028,CS5139,0
4029,CS5140,0
4030,CS5141,1
4031,CS5142,0
4032,CS5143,0
4033,CS5144,0
4034,CS5145,0
4035,CS5146,0
4036,CS5147,0
4037,CS5148,0
4038,CS5149,0
4039,CS5150,0
4040,CS5151,0
4041,CS5152,0
4042,CS5153,0
4043,CS5154,0
4044,CS5155,0
4045,CS5156,0
4046,CS5157,0
4047,CS5158,0
4048,CS5159,0
4049,CS5160,1
4050,CS5161,1
4051,CS5162,0
4052,CS5163,0
4053,CS5164,0
4054,CS5165,0
4055,CS5166,0
4056,CS5167,0
4057,CS5168,0
4058,CS5169,0
4059,CS5170,0
4060,CS5171,0
4061,CS5172,0
4062,CS5173,0
4063,CS5174,1
4064,CS5175,0
4065,CS5176,1
4066,CS5177,0
4067,CS5178,0
4068,CS5179,0
4069,CS5180,0
4070,CS5181,0
4071,CS5182,0
4072,CS5183,0
4073,CS5184,0
4074,CS5185,0
4075,CS5186,0
4076,CS5187,0
4077,CS5188,0
4078,CS5189,1
4079,CS5190,0
4080,CS5191,0
4081,CS5192,0
4082,CS5193,0
4083,CS5194,0
4084,CS5195,1
4085,CS5196,0
4086,CS5197,0
4087,CS5198,0
4088,CS5199,0
4089,CS5200,0
4090,CS5201,0
4091,CS5202,0
4092,CS5203,0
4093,CS5204,0
4094,CS5205,0
4095,CS5206,0
4096,CS5207,0
4097,CS5208,0
4098,CS5209,0
4099,CS5210,0
4100,CS5211,0
4101,CS5212,0
4102,CS5213,0
4103,CS5214,0
4104,CS5215,0
4105,CS5216,0
4106,CS5217,0
4107,CS5218,0
4108,CS5219,0
4109,CS5220,0
4110,CS5221,0
4111,CS5222,0
4112,CS5223,0
4113,CS5224,0
4114,CS5225,1
4115,CS5226,0
4116,CS5227,0
4117,CS5228,0
4118,CS5229,0
4119,CS5230,0
4120,CS5231,0
4121,CS5232,0
4122,CS5233,0
4123,CS5234,0
4124,CS5235,0
4125,CS5236,0
4126,CS5237,0
4127,CS5238,0
4128,CS5239,1
4129,CS5240,1
4130,CS5241,0
4131,CS5242,0
4132,CS5243,0
4133,CS5244,0
4134,CS5245,0
4135,CS5246,0
4136,CS5247,0
4137,CS5248,0
4138,CS5249,0
4139,CS5250,0
4140,CS5251,0
4141,CS5252,0
4142,CS5253,0
4143,CS5254,0
4144,CS5255,0
4145,CS5256,0
4146,CS5257,0
4147,CS5258,0
4148,CS5259,0
4149,CS5260,1
4150,CS5261,0
4151,CS5262,0
4152,CS5263,0
4153,CS5264,0
4154,CS5265,0
4155,CS5266,1
4156,CS5267,1
4157,CS5268,0
4158,CS5269,0
4159,CS5270,0
4160,CS5271,0
4161,CS5272,0
4162,CS5273,1
4163,CS5274,0
4164,CS5275,0
4165,CS5276,0
4166,CS5277,1
4167,CS5278,0
4168,CS5279,0
4169,CS5280,1
4170,CS5281,0
4171,CS5282,0
4172,CS5283,0
4173,CS5284,0
4174,CS5285,0
4175,CS5286,0
4176,CS5287,0
4177,CS5288,0
4178,CS5289,0
4179,CS5290,0
4180,CS5291,0
4181,CS5292,1
4182,CS5293,0
4183,CS5294,1
4184,CS5295,1
4185,CS5296,0
4186,CS5297,0
4187,CS5298,0
4188,CS5299,0
4189,CS5300,0
4190,CS5301,0
4191,CS5302,0
4192,CS5303,0
4193,CS5304,0
4194,CS5305,1
4195,CS5306,0
4196,CS5307,0
4197,CS5308,1
4198,CS5309,0
4199,CS5310,0
4200,CS5311,0
4201,CS5312,0
4202,CS5313,0
4203,CS5314,0
4204,CS5315,0
4205,CS5316,0
4206,CS5317,0
4207,CS5318,0
4208,CS5319,1
4209,CS5320,0
4210,CS5321,0
4211,CS5322,0
4212,CS5323,0
4213,CS5324,0
4214,CS5325,1
4215,CS5326,1
4216,CS5327,0
4217,CS5328,0
4218,CS5329,0
4219,CS5330,0
4220,CS5331,0
4221,CS5332,1
4222,CS5333,0
4223,CS5334,0
4224,CS5335,0
4225,CS5336,0
4226,CS5337,0
4227,CS5338,0
4228,CS5339,0
4229,CS5340,0
4230,CS5341,1
4231,CS5342,0
4232,CS5343,0
4233,CS5344,0
4234,CS5345,0
4235,CS5346,0
4236,CS5347,0
4237,CS5348,0
4238,CS5349,0
4239,CS5350,0
4240,CS5351,0
4241,CS5352,0
4242,CS5353,0
4243,CS5354,0
4244,CS5355,0
4245,CS5356,1
4246,CS5357,0
4247,CS5358,0
4248,CS5359,0
4249,CS5360,0
4250,CS5361,0
4251,CS5362,1
4252,CS5363,0
4253,CS5364,0
4254,CS5365,0
4255,CS5366,0
4256,CS5367,1
4257,CS5368,0
4258,CS5369,0
4259,CS5370,1
4260,CS5371,0
4261,CS5372,0
4262,CS5373,0
4263,CS5374,0
4264,CS5375,1
4265,CS5376,0
4266,CS5377,0
4267,CS5378,0
4268,CS5379,0
4269,CS5380,0
4270,CS5381,0
4271,CS5382,1
4272,CS5383,0
4273,CS5384,0
4274,CS5385,0
4275,CS5386,1
4276,CS5387,0
4277,CS5388,0
4278,CS5389,1
4279,CS5390,0
4280,CS5391,0
4281,CS5392,0
4282,CS5393,0
4283,CS5394,0
4284,CS5395,1
4285,CS5396,0
4286,CS5397,0
4287,CS5398,0
4288,CS5399,0
4289,CS5400,0
4290,CS5401,0
4291,CS5402,0
4292,CS5403,0
4293,CS5404,1
4294,CS5405,0
4295,CS5406,1
4296,CS5407,0
4297,CS5408,0
4298,CS5409,0
4299,CS5410,0
4300,CS5411,0
4301,CS5412,1
4302,CS5413,0
4303,CS5414,0
4304,CS5415,0
4305,CS5416,0
4306,CS5417,0
4307,CS5418,0
4308,CS5419,0
4309,CS5420,0
4310,CS5421,0
4311,CS5422,0
4312,CS5423,0
4313,CS5424,1
4314,CS5425,0
4315,CS5426,0
4316,CS5427,1
4317,CS5428,0
4318,CS5429,0
4319,CS5430,1
4320,CS5431,0
4321,CS5432,0
4322,CS5433,0
4323,CS5434,0
4324,CS5435,0
4325,CS5436,0
4326,CS5437,0
4327,CS5438,0
4328,CS5439,0
4329,CS5440,0
4330,CS5441,0
4331,CS5442,0
4332,CS5443,0
4333,CS5444,0
4334,CS5445,0
4335,CS5446,0
4336,CS5447,0
4337,CS5448,0
4338,CS5449,0
4339,CS5450,0
4340,CS5451,0
4341,CS5452,0
4342,CS5453,0
4343,CS5454,0
4344,CS5455,0
4345,CS5456,0
4346,CS5457,0
4347,CS5458,0
4348,CS5459,0
4349,CS5460,0
4350,CS5461,1
4351,CS5462,0
4352,CS5463,0
4353,CS5464,0
4354,CS5465,0
4355,CS5466,0
4356,CS5467,0
4357,CS5468,0
4358,CS5469,0
4359,CS5470,0
4360,CS5471,0
4361,CS5472,0
4362,CS5473,0
4363,CS5474,0
4364,CS5475,0
4365,CS5476,0
4366,CS5477,0
4367,CS5478,0
4368,CS5479,0
4369,CS5480,1
4370,CS5481,0
4371,CS5482,1
4372,CS5483,0
4373,CS5484,1
4374,CS5485,0
4375,CS5486,0
4376,CS5487,0
4377,CS5488,0
4378,CS5489,0
4379,CS5490,0
4380,CS5491,1
4381,CS5492,0
4382,CS5493,0
4383,CS5494,0
4384,CS5495,0
4385,CS5496,0
4386,CS5497,0
4387,CS5498,0
4388,CS5499,0
4389,CS5500,0
4390,CS5501,0
4391,CS5502,0
4392,CS5503,1
4393,CS5504,0
4394,CS5505,0
4395,CS5506,0
4396,CS5507,0
4397,CS5508,1
4398,CS5509,0
4399,CS5510,0
4400,CS5511,0
4401,CS5512,0
4402,CS5513,0
4403,CS5514,1
4404,CS5515,0
4405,CS5516,0
4406,CS5517,0
4407,CS5518,0
4408,CS5519,0
4409,CS5520,0
4410,CS5521,0
4411,CS5522,0
4412,CS5523,0
4413,CS5524,1
4414,CS5525,0
4415,CS5526,0
4416,CS5527,0
4417,CS5528,0
4418,CS5529,0
4419,CS5530,0
4420,CS5531,0
4421,CS5532,0
4422,CS5533,0
4423,CS5534,0
4424,CS5535,0
4425,CS5536,0
4426,CS5537,0
4427,CS5538,0
4428,CS5539,0
4429,CS5540,0
4430,CS5541,0
4431,CS5542,0
4432,CS5543,0
4433,CS5544,0
4434,CS5545,0
4435,CS5546,0
4436,CS5547,1
4437,CS5548,0
4438,CS5549,0
4439,CS5550,0
4440,CS5551,0
4441,CS5552,0
4442,CS5553,0
4443,CS5554,0
4444,CS5555,0
4445,CS5556,0
4446,CS5557,0
4447,CS5558,0
4448,CS5559,0
4449,CS5560,0
4450,CS5561,0
4451,CS5562,0
4452,CS5563,0
4453,CS5564,0
4454,CS5565,0
4455,CS5566,0
4456,CS5567,0
4457,CS5568,0
4458,CS5569,0
4459,CS5570,0
4460,CS5571,0
4461,CS5572,0
4462,CS5573,1
4463,CS5574,0
4464,CS5575,0
4465,CS5576,0
4466,CS5577,0
4467,CS5578,0
4468,CS5579,0
4469,CS5580,0
4470,CS5581,0
4471,CS5582,0
4472,CS5583,0
4473,CS5584,0
4474,CS5585,0
4475,CS5586,0
4476,CS5587,0
4477,CS5588,0
4478,CS5589,1
4479,CS5590,0
4480,CS5591,0
4481,CS5592,0
4482,CS5593,0
4483,CS5594,1
4484,CS5595,0
4485,CS5596,0
4486,CS5597,0
4487,CS5598,1
4488,CS5599,1
4489,CS5600,0
4490,CS5601,0
4491,CS5602,0
4492,CS5603,1
4493,CS5604,0
4494,CS5605,0
4495,CS5606,0
4496,CS5607,0
4497,CS5608,0
4498,CS5609,0
4499,CS5610,0
4500,CS5611,0
4501,CS5612,0
4502,CS5613,0
4503,CS5614,0
4504,CS5615,0
4505,CS5616,0
4506,CS5617,0
4507,CS5618,0
4508,CS5619,0
4509,CS5620,1
4510,CS5621,1
4511,CS5622,0
4512,CS5623,0
4513,CS5624,0
4514,CS5625,1
4515,CS5626,0
4516,CS5627,0
4517,CS5628,0
4518,CS5629,1
4519,CS5630,1
4520,CS5631,0
4521,CS5632,0
4522,CS5633,0
4523,CS5634,0
4524,CS5635,0
4525,CS5636,0
4526,CS5637,0
4527,CS5638,0
4528,CS5639,0
4529,CS5640,0
4530,CS5641,0
4531,CS5642,0
4532,CS5643,0
4533,CS5644,1
4534,CS5645,0
4535,CS5646,0
4536,CS5647,0
4537,CS5648,0
4538,CS5649,0
4539,CS5650,0
4540,CS5651,1
4541,CS5652,0
4542,CS5653,0
4543,CS5654,1
4544,CS5655,0
4545,CS5656,1
4546,CS5657,0
4547,CS5658,1
4548,CS5659,0
4549,CS5660,0
4550,CS5661,0
4551,CS5662,0
4552,CS5663,1
4553,CS5664,0
4554,CS5665,0
4555,CS5666,0
4556,CS5667,0
4557,CS5668,0
4558,CS5669,1
4559,CS5670,0
4560,CS5671,0
4561,CS5672,0
4562,CS5673,0
4563,CS5674,0
4564,CS5675,0
4565,CS5676,0
4566,CS5677,0
4567,CS5678,0
4568,CS5679,0
4569,CS5680,0
4570,CS5681,0
4571,CS5682,0
4572,CS5683,0
4573,CS5684,0
4574,CS5685,0
4575,CS5686,0
4576,CS5687,0
4577,CS5688,0
4578,CS5689,0
4579,CS5690,0
4580,CS5691,0
4581,CS5692,0
4582,CS5693,1
4583,CS5694,0
4584,CS5695,0
4585,CS5696,0
4586,CS5697,0
4587,CS5698,0
4588,CS5699,0
4589,CS5700,0
4590,CS5701,0
4591,CS5702,0
4592,CS5703,0
4593,CS5704,0
4594,CS5705,0
4595,CS5706,0
4596,CS5707,0
4597,CS5708,0
4598,CS5709,0
4599,CS5710,0
4600,CS5711,0
4601,CS5712,0
4602,CS5713,0
4603,CS5714,1
4604,CS5715,0
4605,CS5716,0
4606,CS5717,1
4607,CS5718,0
4608,CS5719,1
4609,CS5720,0
4610,CS5721,0
4611,CS5722,0
4612,CS5723,0
4613,CS5724,0
4614,CS5725,0
4615,CS5726,0
4616,CS5727,0
4617,CS5728,0
4618,CS5729,0
4619,CS5730,0
4620,CS5731,0
4621,CS5732,0
4622,CS5733,0
4623,CS5734,0
4624,CS5735,0
4625,CS5736,0
4626,CS5737,0
4627,CS5738,0
4628,CS5739,0
4629,CS5740,0
4630,CS5741,0
4631,CS5742,0
4632,CS5743,0
4633,CS5744,1
4634,CS5745,0
4635,CS5746,0
4636,CS5747,0
4637,CS5748,0
4638,CS5749,0
4639,CS5750,0
4640,CS5751,0
4641,CS5752,0
4642,CS5753,0
4643,CS5754,0
4644,CS5755,0
4645,CS5756,0
4646,CS5757,0
4647,CS5758,0
4648,CS5759,0
4649,CS5760,0
4650,CS5761,0
4651,CS5762,0
4652,CS5763,0
4653,CS5764,0
4654,CS5765,0
4655,CS5766,1
4656,CS5767,0
4657,CS5768,0
4658,CS5769,0
4659,CS5770,0
4660,CS5771,0
4661,CS5772,0
4662,CS5773,0
4663,CS5774,0
4664,CS5775,0
4665,CS5776,0
4666,CS5777,0
4667,CS5778,0
4668,CS5779,0
4669,CS5780,1
4670,CS5781,0
4671,CS5782,1
4672,CS5783,0
4673,CS5784,0
4674,CS5785,0
4675,CS5786,0
4676,CS5787,0
4677,CS5788,0
4678,CS5789,0
4679,CS5790,0
4680,CS5791,0
4681,CS5792,0
4682,CS5793,0
4683,CS5794,0
4684,CS5795,0
4685,CS5796,0
4686,CS5797,1
4687,CS5798,0
4688,CS5799,0
4689,CS5800,0
4690,CS5801,0
4691,CS5802,0
4692,CS5803,0
4693,CS5804,0
4694,CS5805,0
4695,CS5806,0
4696,CS5807,1
4697,CS5808,1
4698,CS5809,0
4699,CS5810,0
4700,CS5811,1
4701,CS5812,0
4702,CS5813,0
4703,CS5814,1
4704,CS5815,0
4705,CS5816,1
4706,CS5817,0
4707,CS5818,0
4708,CS5819,0
4709,CS5820,0
4710,CS5821,0
4711,CS5822,0
4712,CS5823,0
4713,CS5824,0
4714,CS5825,0
4715,CS5826,0
4716,CS5827,0
4717,CS5828,0
4718,CS5829,0
4719,CS5830,0
4720,CS5831,0
4721,CS5832,0
4722,CS5833,1
4723,CS5834,0
4724,CS5835,1
4725,CS5836,0
4726,CS5837,0
4727,CS5838,0
4728,CS5839,0
4729,CS5840,0
4730,CS5841,0
4731,CS5842,0
4732,CS5843,0
4733,CS5844,0
4734,CS5845,0
4735,CS5846,0
4736,CS5847,0
4737,CS5848,0
4738,CS5849,0
4739,CS5850,0
4740,CS5851,0
4741,CS5852,0
4742,CS5853,0
4743,CS5854,0
4744,CS5855,0
4745,CS5856,0
4746,CS5857,0
4747,CS5858,1
4748,CS5859,0
4749,CS5860,0
4750,CS5861,0
4751,CS5862,0
4752,CS5863,0
4753,CS5864,0
4754,CS5865,1
4755,CS5866,0
4756,CS5867,0
4757,CS5868,1
4758,CS5869,0
4759,CS5870,0
4760,CS5871,0
4761,CS5872,1
4762,CS5873,1
4763,CS5874,0
4764,CS5875,0
4765,CS5876,0
4766,CS5877,0
4767,CS5878,0
4768,CS5879,1
4769,CS5880,0
4770,CS5881,0
4771,CS5882,1
4772,CS5883,0
4773,CS5884,0
4774,CS5885,0
4775,CS5886,0
4776,CS5887,0
4777,CS5888,1
4778,CS5889,0
4779,CS5890,0
4780,CS5891,0
4781,CS5892,0
4782,CS5893,0
4783,CS5894,0
4784,CS5895,0
4785,CS5896,0
4786,CS5897,0
4787,CS5898,0
4788,CS5899,0
4789,CS5900,0
4790,CS5901,0
4791,CS5902,0
4792,CS5903,0
4793,CS5904,0
4794,CS5905,0
4795,CS5906,0
4796,CS5907,0
4797,CS5908,0
4798,CS5909,0
4799,CS5910,0
4800,CS5911,0
4801,CS5912,0
4802,CS5913,0
4803,CS5914,0
4804,CS5915,0
4805,CS5916,0
4806,CS5917,1
4807,CS5918,0
4808,CS5919,0
4809,CS5920,0
4810,CS5921,0
4811,CS5922,1
4812,CS5923,0
4813,CS5924,0
4814,CS5925,0
4815,CS5926,0
4816,CS5927,0
4817,CS5928,0
4818,CS5929,0
4819,CS5930,0
4820,CS5931,0
4821,CS5932,0
4822,CS5933,0
4823,CS5934,1
4824,CS5935,0
4825,CS5936,0
4826,CS5937,0
4827,CS5938,0
4828,CS5939,0
4829,CS5940,0
4830,CS5941,0
4831,CS5942,0
4832,CS5943,0
4833,CS5944,1
4834,CS5945,0
4835,CS5946,0
4836,CS5947,0
4837,CS5948,0
4838,CS5949,0
4839,CS5950,0
4840,CS5951,1
4841,CS5952,0
4842,CS5953,0
4843,CS5954,0
4844,CS5955,0
4845,CS5956,1
4846,CS5957,0
4847,CS5958,0
4848,CS5959,0
4849,CS5960,0
4850,CS5961,0
4851,CS5962,0
4852,CS5963,0
4853,CS5964,0
4854,CS5965,1
4855,CS5966,0
4856,CS5967,0
4857,CS5968,0
4858,CS5969,1
4859,CS5970,0
4860,CS5971,0
4861,CS5972,0
4862,CS5973,0
4863,CS5974,0
4864,CS5975,0
4865,CS5976,0
4866,CS5977,0
4867,CS5978,0
4868,CS5979,0
4869,CS5980,0
4870,CS5981,0
4871,CS5982,0
4872,CS5983,0
4873,CS5984,0
4874,CS5985,0
4875,CS5986,0
4876,CS5987,0
4877,CS5988,0
4878,CS5989,0
4879,CS5990,0
4880,CS5991,0
4881,CS5992,0
4882,CS5993,0
4883,CS5994,0
4884,CS5995,0
4885,CS5996,0
4886,CS5997,0
4887,CS5998,1
4888,CS5999,0
4889,CS6000,0
4890,CS6001,0
4891,CS6002,0
4892,CS6003,0
4893,CS6004,0
4894,CS6005,0
4895,CS6006,1
4896,CS6007,0
4897,CS6008,1
4898,CS6009,1
4899,CS6010,0
4900,CS6011,0
4901,CS6012,0
4902,CS6013,0
4903,CS6014,0
4904,CS6015,0
4905,CS6016,0
4906,CS6017,0
4907,CS6018,0
4908,CS6019,1
4909,CS6020,0
4910,CS6021,0
4911,CS6022,0
4912,CS6023,0
4913,CS6024,0
4914,CS6025,0
4915,CS6026,0
4916,CS6027,0
4917,CS6028,0
4918,CS6029,1
4919,CS6030,0
4920,CS6031,0
4921,CS6032,0
4922,CS6033,0
4923,CS6034,0
4924,CS6035,0
4925,CS6036,0
4926,CS6037,0
4927,CS6038,0
4928,CS6039,0
4929,CS6040,0
4930,CS6041,0
4931,CS6042,0
4932,CS6043,0
4933,CS6044,0
4934,CS6045,0
4935,CS6046,0
4936,CS6047,0
4937,CS6048,0
4938,CS6049,0
4939,CS6050,0
4940,CS6051,0
4941,CS6052,0
4942,CS6053,0
4943,CS6054,0
4944,CS6055,1
4945,CS6056,0
4946,CS6057,0
4947,CS6058,0
4948,CS6059,1
4949,CS6060,1
4950,CS6061,0
4951,CS6062,0
4952,CS6063,0
4953,CS6064,0
4954,CS6065,0
4955,CS6066,0
4956,CS6067,0
4957,CS6068,0
4958,CS6069,0
4959,CS6070,0
4960,CS6071,0
4961,CS6072,0
4962,CS6073,0
4963,CS6074,0
4964,CS6075,0
4965,CS6076,0
4966,CS6077,0
4967,CS6078,0
4968,CS6079,1
4969,CS6080,0
4970,CS6081,1
4971,CS6082,0
4972,CS6083,0
4973,CS6084,0
4974,CS6085,0
4975,CS6086,1
4976,CS6087,0
4977,CS6088,0
4978,CS6089,0
4979,CS6090,0
4980,CS6091,0
4981,CS6092,0
4982,CS6093,1
4983,CS6094,0
4984,CS6095,0
4985,CS6096,0
4986,CS6097,0
4987,CS6098,1
4988,CS6099,0
4989,CS6100,0
4990,CS6101,0
4991,CS6102,0
4992,CS6103,0
4993,CS6104,0
4994,CS6105,0
4995,CS6106,0
4996,CS6107,0
4997,CS6108,0
4998,CS6109,0
4999,CS6110,0
5000,CS6111,0
5001,CS7112,0
5002,CS7113,0
5003,CS7114,0
5004,CS7115,0
5005,CS7116,0
5006,CS7117,0
5007,CS7118,0
5008,CS7119,0
5009,CS7120,0
5010,CS7121,0
5011,CS7122,0
5012,CS7123,0
5013,CS7124,0
5014,CS7125,0
5015,CS7126,0
5016,CS7127,0
5017,CS7128,0
5018,CS7129,0
5019,CS7130,0
5020,CS7131,0
5021,CS7132,0
5022,CS7133,0
5023,CS7134,0
5024,CS7135,0
5025,CS7136,0
5026,CS7137,0
5027,CS7138,0
5028,CS7139,0
5029,CS7140,0
5030,CS7141,0
5031,CS7142,1
5032,CS7143,0
5033,CS7144,0
5034,CS7145,0
5035,CS7146,0
5036,CS7147,0
5037,CS7148,0
5038,CS7149,0
5039,CS7150,0
5040,CS7151,0
5041,CS7152,0
5042,CS7153,0
5043,CS7154,0
5044,CS7155,0
5045,CS7156,0
5046,CS7157,0
5047,CS7158,0
5048,CS7159,0
5049,CS7160,0
5050,CS7161,0
5051,CS7162,0
5052,CS7163,0
5053,CS7164,0
5054,CS7165,0
5055,CS7166,0
5056,CS7167,0
5057,CS7168,0
5058,CS7169,0
5059,CS7170,0
5060,CS7171,0
5061,CS7172,0
5062,CS7173,0
5063,CS7174,0
5064,CS7175,0
5065,CS7176,0
5066,CS7177,0
5067,CS7178,1
5068,CS7179,1
5069,CS7180,0
5070,CS7181,0
5071,CS7182,1
5072,CS7183,0
5073,CS7184,0
5074,CS7185,0
5075,CS7186,0
5076,CS7187,0
5077,CS7188,0
5078,CS7189,0
5079,CS7190,0
5080,CS7191,0
5081,CS7192,0
5082,CS7193,0
5083,CS7194,0
5084,CS7195,0
5085,CS7196,0
5086,CS7197,0
5087,CS7198,0
5088,CS7199,0
5089,CS7200,0
5090,CS7201,0
5091,CS7202,0
5092,CS7203,0
5093,CS7204,0
5094,CS7205,0
5095,CS7206,0
5096,CS7207,0
5097,CS7208,0
5098,CS7209,0
5099,CS7210,0
5100,CS7211,0
5101,CS7212,0
5102,CS7213,0
5103,CS7214,0
5104,CS7215,0
5105,CS7216,0
5106,CS7217,0
5107,CS7218,0
5108,CS7219,0
5109,CS7220,0
5110,CS7221,0
5111,CS7222,0
5112,CS7223,0
5113,CS7224,0
5114,CS7225,0
5115,CS7226,0
5116,CS7227,1
5117,CS7228,0
5118,CS7229,0
5119,CS7230,0
5120,CS7231,0
5121,CS7232,0
5122,CS7233,0
5123,CS7234,0
5124,CS7235,0
5125,CS7236,0
5126,CS7237,0
5127,CS7238,0
5128,CS7239,0
5129,CS7240,0
5130,CS7241,1
5131,CS7242,0
5132,CS7243,0
5133,CS7244,0
5134,CS7245,0
5135,CS7246,0
5136,CS7247,0
5137,CS7248,0
5138,CS7249,0
5139,CS7250,0
5140,CS7251,0
5141,CS7252,0
5142,CS7253,0
5143,CS7254,0
5144,CS7255,0
5145,CS7256,0
5146,CS7257,0
5147,CS7258,0
5148,CS7259,0
5149,CS7260,0
5150,CS7261,0
5151,CS7262,0
5152,CS7263,0
5153,CS7264,0
5154,CS7265,0
5155,CS7266,0
5156,CS7267,0
5157,CS7268,0
5158,CS7269,0
5159,CS7270,0
5160,CS7271,0
5161,CS7272,0
5162,CS7273,0
5163,CS7274,0
5164,CS7275,0
5165,CS7276,0
5166,CS7277,0
5167,CS7278,0
5168,CS7279,0
5169,CS7280,0
5170,CS7281,0
5171,CS7282,0
5172,CS7283,0
5173,CS7284,0
5174,CS7285,0
5175,CS7286,0
5176,CS7287,0
5177,CS7288,0
5178,CS7289,0
5179,CS7290,0
5180,CS7291,0
5181,CS7292,0
5182,CS7293,0
5183,CS7294,0
5184,CS7295,0
5185,CS7296,0
5186,CS7298,0
5187,CS7299,0
5188,CS7300,0
5189,CS7301,0
5190,CS7302,0
5191,CS7303,0
5192,CS7304,0
5193,CS7305,0
5194,CS7306,0
5195,CS7307,0
5196,CS7308,0
5197,CS7309,0
5198,CS7310,0
5199,CS7311,0
5200,CS7312,0
5201,CS7313,0
5202,CS7314,0
5203,CS7315,0
5204,CS7316,0
5205,CS7317,0
5206,CS7318,0
5207,CS7319,0
5208,CS7320,1
5209,CS7321,0
5210,CS7322,0
5211,CS7323,0
5212,CS7324,0
5213,CS7325,0
5214,CS7326,0
5215,CS7327,0
5216,CS7328,0
5217,CS7329,0
5218,CS7330,0
5219,CS7331,0
5220,CS7332,0
5221,CS7333,0
5222,CS7334,0
5223,CS7335,0
5224,CS7336,0
5225,CS7337,0
5226,CS7338,0
5227,CS7339,0
5228,CS7340,0
5229,CS7341,0
5230,CS7342,0
5231,CS7343,0
5232,CS7344,0
5233,CS7345,0
5234,CS7346,0
5235,CS7347,0
5236,CS7348,0
5237,CS7349,0
5238,CS7350,0
5239,CS7351,0
5240,CS7352,0
5241,CS7353,0
5242,CS7354,0
5243,CS7355,1
5244,CS7356,0
5245,CS7357,0
5246,CS7358,0
5247,CS7359,0
5248,CS7360,0
5249,CS7361,0
5250,CS7362,0
5251,CS7363,0
5252,CS7364,0
5253,CS7365,0
5254,CS7366,0
5255,CS7367,0
5256,CS7368,0
5257,CS7369,0
5258,CS7370,1
5259,CS7371,0
5260,CS7372,0
5261,CS7373,0
5262,CS7374,0
5263,CS7375,0
5264,CS7376,0
5265,CS7377,0
5266,CS7378,0
5267,CS7379,0
5268,CS7380,0
5269,CS7381,0
5270,CS7382,0
5271,CS7383,0
5272,CS7384,0
5273,CS7385,0
5274,CS7386,0
5275,CS7387,0
5276,CS7388,0
5277,CS7389,0
5278,CS7390,0
5279,CS7391,0
5280,CS7392,0
5281,CS7393,0
5282,CS7394,0
5283,CS7395,0
5284,CS7396,0
5285,CS7397,0
5286,CS7398,0
5287,CS7399,0
5288,CS7400,0
5289,CS7401,0
5290,CS7402,0
5291,CS7403,0
5292,CS7404,0
5293,CS7405,0
5294,CS7406,0
5295,CS7407,0
5296,CS7408,0
5297,CS7409,0
5298,CS7410,0
5299,CS7411,0
5300,CS7412,0
5301,CS7414,0
5302,CS7415,0
5303,CS7416,0
5304,CS7417,0
5305,CS7418,1
5306,CS7419,0
5307,CS7420,0
5308,CS7421,0
5309,CS7422,0
5310,CS7423,0
5311,CS7424,0
5312,CS7425,0
5313,CS7426,0
5314,CS7427,0
5315,CS7428,0
5316,CS7429,0
5317,CS7430,0
5318,CS7431,0
5319,CS7432,0
5320,CS7433,0
5321,CS7434,0
5322,CS7435,0
5323,CS7436,0
5324,CS7437,0
5325,CS7438,0
5326,CS7439,0
5327,CS7440,0
5328,CS7441,0
5329,CS7442,0
5330,CS7443,0
5331,CS7444,0
5332,CS7445,0
5333,CS7446,0
5334,CS7447,0
5335,CS7448,0
5336,CS7449,0
5337,CS7450,0
5338,CS7451,0
5339,CS7452,0
5340,CS7453,0
5341,CS7454,0
5342,CS7455,0
5343,CS7456,0
5344,CS7457,0
5345,CS7458,0
5346,CS7459,0
5347,CS7460,0
5348,CS7461,0
5349,CS7462,1
5350,CS7463,0
5351,CS7464,0
5352,CS7465,0
5353,CS7466,0
5354,CS7467,0
5355,CS7468,0
5356,CS7469,0
5357,CS7470,0
5358,CS7471,0
5359,CS7472,0
5360,CS7473,0
5361,CS7474,0
5362,CS7475,0
5363,CS7476,0
5364,CS7477,0
5365,CS7478,0
5366,CS7479,0
5367,CS7480,0
5368,CS7481,0
5369,CS7482,0
5370,CS7483,0
5371,CS7484,0
5372,CS7485,0
5373,CS7486,0
5374,CS7487,0
5375,CS7488,0
5376,CS7489,0
5377,CS7490,0
5378,CS7491,0
5379,CS7492,0
5380,CS7493,0
5381,CS7494,0
5382,CS7495,0
5383,CS7496,0
5384,CS7497,0
5385,CS7498,0
5386,CS7499,0
5387,CS7500,0
5388,CS7501,0
5389,CS7502,0
5390,CS7503,0
5391,CS7504,0
5392,CS7505,0
5393,CS7506,0
5394,CS7507,0
5395,CS7508,0
5396,CS7509,1
5397,CS7510,0
5398,CS7511,0
5399,CS7512,0
5400,CS7513,0
5401,CS7514,0
5402,CS7515,0
5403,CS7516,0
5404,CS7517,0
5405,CS7518,0
5406,CS7519,0
5407,CS7520,0
5408,CS7521,0
5409,CS7522,0
5410,CS7523,0
5411,CS7524,0
5412,CS7525,0
5413,CS7526,0
5414,CS7527,0
5415,CS7528,0
5416,CS7529,0
5417,CS7530,0
5418,CS7531,0
5419,CS7532,0
5420,CS7533,0
5421,CS7534,0
5422,CS7535,0
5423,CS7536,0
5424,CS7537,0
5425,CS7538,1
5426,CS7539,0
5427,CS7540,0
5428,CS7541,1
5429,CS7542,0
5430,CS7543,0
5431,CS7544,0
5432,CS7545,0
5433,CS7546,0
5434,CS7547,0
5435,CS7548,0
5436,CS7549,0
5437,CS7550,0
5438,CS7551,0
5439,CS7552,0
5440,CS7553,0
5441,CS7554,0
5442,CS7555,0
5443,CS7556,0
5444,CS7557,0
5445,CS7558,0
5446,CS7559,0
5447,CS7560,0
5448,CS7561,0
5449,CS7562,0
5450,CS7563,0
5451,CS7564,0
5452,CS7565,0
5453,CS7566,0
5454,CS7567,0
5455,CS7568,0
5456,CS7569,0
5457,CS7570,0
5458,CS7571,0
5459,CS7572,0
5460,CS7573,0
5461,CS7574,0
5462,CS7575,0
5463,CS7576,0
5464,CS7577,0
5465,CS7578,0
5466,CS7579,0
5467,CS7580,0
5468,CS7581,0
5469,CS7582,0
5470,CS7583,0
5471,CS7584,0
5472,CS7585,0
5473,CS7586,0
5474,CS7587,0
5475,CS7588,0
5476,CS7589,0
5477,CS7590,0
5478,CS7591,0
5479,CS7592,0
5480,CS7593,0
5481,CS7594,0
5482,CS7595,0
5483,CS7596,0
5484,CS7597,0
5485,CS7598,0
5486,CS7599,0
5487,CS7600,0
5488,CS7601,0
5489,CS7602,0
5490,CS7603,0
5491,CS7604,0
5492,CS7605,0
5493,CS7606,0
5494,CS7607,0
5495,CS7608,0
5496,CS7609,0
5497,CS7610,0
5498,CS7611,0
5499,CS7612,0
5500,CS7613,0
5501,CS7614,0
5502,CS7615,0
5503,CS7616,0
5504,CS7617,0
5505,CS7618,0
5506,CS7619,0
5507,CS7620,0
5508,CS7621,0
5509,CS7622,0
5510,CS7623,0
5511,CS7624,0
5512,CS7625,0
5513,CS7626,0
5514,CS7627,0
5515,CS7628,0
5516,CS7629,0
5517,CS7630,0
5518,CS7631,0
5519,CS7632,0
5520,CS7633,0
5521,CS7634,0
5522,CS7635,0
5523,CS7636,1
5524,CS7637,0
5525,CS7639,0
5526,CS7640,1
5527,CS7641,0
5528,CS7642,0
5529,CS7643,0
5530,CS7644,0
5531,CS7645,0
5532,CS7646,0
5533,CS7647,0
5534,CS7648,0
5535,CS7649,0
5536,CS7650,0
5537,CS7651,0
5538,CS7652,0
5539,CS7653,0
5540,CS7654,0
5541,CS7655,0
5542,CS7656,0
5543,CS7657,0
5544,CS7658,0
5545,CS7659,0
5546,CS7660,0
5547,CS7661,0
5548,CS7662,0
5549,CS7663,0
5550,CS7664,0
5551,CS7665,0
5552,CS7666,0
5553,CS7667,0
5554,CS7668,0
5555,CS7669,0
5556,CS7670,0
5557,CS7671,0
5558,CS7672,0
5559,CS7673,1
5560,CS7674,0
5561,CS7675,0
5562,CS7676,0
5563,CS7677,0
5564,CS7678,0
5565,CS7679,0
5566,CS7680,0
5567,CS7681,0
5568,CS7682,0
5569,CS7683,0
5570,CS7684,0
5571,CS7685,0
5572,CS7686,0
5573,CS7687,0
5574,CS7688,0
5575,CS7689,0
5576,CS7690,0
5577,CS7691,0
5578,CS7692,0
5579,CS7693,0
5580,CS7694,0
5581,CS7695,0
5582,CS7696,0
5583,CS7697,0
5584,CS7698,0
5585,CS7699,0
5586,CS7700,0
5587,CS7701,0
5588,CS7702,0
5589,CS7703,0
5590,CS7704,0
5591,CS7705,0
5592,CS7706,0
5593,CS7707,0
5594,CS7708,0
5595,CS7709,0
5596,CS7710,0
5597,CS7711,0
5598,CS7712,0
5599,CS7713,0
5600,CS7714,0
5601,CS7715,0
5602,CS7716,0
5603,CS7717,0
5604,CS7718,0
5605,CS7719,0
5606,CS7720,0
5607,CS7721,0
5608,CS7722,0
5609,CS7723,0
5610,CS7724,0
5611,CS7725,0
5612,CS7726,0
5613,CS7727,0
5614,CS7728,0
5615,CS7729,0
5616,CS7730,0
5617,CS7731,0
5618,CS7732,0
5619,CS7733,0
5620,CS7734,0
5621,CS7735,0
5622,CS7736,0
5623,CS7737,0
5624,CS7738,0
5625,CS7739,0
5626,CS7740,0
5627,CS7741,0
5628,CS7742,0
5629,CS7743,0
5630,CS7744,0
5631,CS7745,0
5632,CS7746,0
5633,CS7747,0
5634,CS7748,0
5635,CS7749,0
5636,CS7750,0
5637,CS7751,0
5638,CS7752,0
5639,CS7753,0
5640,CS7754,0
5641,CS7755,0
5642,CS7756,0
5643,CS7757,0
5644,CS7758,0
5645,CS7759,0
5646,CS7760,0
5647,CS7761,0
5648,CS7762,0
5649,CS7763,0
5650,CS7764,0
5651,CS7765,0
5652,CS7766,0
5653,CS7767,0
5654,CS7768,0
5655,CS7769,0
5656,CS7770,0
5657,CS7771,0
5658,CS7772,0
5659,CS7773,1
5660,CS7774,0
5661,CS7775,0
5662,CS7776,0
5663,CS7777,0
5664,CS7778,0
5665,CS7779,0
5666,CS7780,0
5667,CS7781,0
5668,CS7782,0
5669,CS7783,0
5670,CS7784,0
5671,CS7785,0
5672,CS7786,0
5673,CS7787,0
5674,CS7788,0
5675,CS7789,0
5676,CS7790,0
5677,CS7791,0
5678,CS7792,0
5679,CS7793,0
5680,CS7794,0
5681,CS7795,0
5682,CS7796,0
5683,CS7797,0
5684,CS7798,0
5685,CS7799,0
5686,CS7800,0
5687,CS7801,0
5688,CS7802,0
5689,CS7803,0
5690,CS7804,0
5691,CS7805,0
5692,CS7806,0
5693,CS7807,0
5694,CS7808,0
5695,CS7809,0
5696,CS7810,0
5697,CS7811,0
5698,CS7812,0
5699,CS7813,0
5700,CS7814,0
5701,CS7815,0
5702,CS7816,0
5703,CS7817,0
5704,CS7818,0
5705,CS7819,0
5706,CS7820,0
5707,CS7821,0
5708,CS7822,0
5709,CS7823,0
5710,CS7824,0
5711,CS7825,1
5712,CS7826,0
5713,CS7827,0
5714,CS7828,0
5715,CS7829,0
5716,CS7830,0
5717,CS7831,0
5718,CS7832,0
5719,CS7833,0
5720,CS7834,0
5721,CS7835,0
5722,CS7836,0
5723,CS7837,0
5724,CS7838,0
5725,CS7839,0
5726,CS7840,0
5727,CS7841,0
5728,CS7842,0
5729,CS7843,0
5730,CS7844,0
5731,CS7845,0
5732,CS7846,1
5733,CS7847,0
5734,CS7848,0
5735,CS7849,0
5736,CS7850,0
5737,CS7851,0
5738,CS7852,0
5739,CS7853,0
5740,CS7854,0
5741,CS7855,0
5742,CS7856,0
5743,CS7857,0
5744,CS7858,0
5745,CS7859,0
5746,CS7860,0
5747,CS7861,1
5748,CS7862,0
5749,CS7863,0
5750,CS7864,0
5751,CS7865,0
5752,CS7866,0
5753,CS7867,0
5754,CS7868,0
5755,CS7869,0
5756,CS7870,0
5757,CS7871,0
5758,CS7872,0
5759,CS7873,0
5760,CS7874,0
5761,CS7875,0
5762,CS7876,0
5763,CS7877,0
5764,CS7878,0
5765,CS7879,0
5766,CS7880,0
5767,CS7881,0
5768,CS7882,0
5769,CS7883,0
5770,CS7884,0
5771,CS7885,0
5772,CS7886,0
5773,CS7887,0
5774,CS7888,1
5775,CS7889,0
5776,CS7890,0
5777,CS7891,0
5778,CS7892,0
5779,CS7893,0
5780,CS7894,0
5781,CS7895,0
5782,CS7896,0
5783,CS7897,0
5784,CS7898,0
5785,CS7899,0
5786,CS7900,0
5787,CS7901,0
5788,CS7902,0
5789,CS7903,0
5790,CS7904,0
5791,CS7905,0
5792,CS7906,0
5793,CS7907,0
5794,CS7908,0
5795,CS7909,0
5796,CS7910,0
5797,CS7911,0
5798,CS7912,0
5799,CS7913,0
5800,CS7914,0
5801,CS7915,0
5802,CS7916,0
5803,CS7917,0
5804,CS7918,0
5805,CS7919,0
5806,CS7920,0
5807,CS7921,0
5808,CS7922,0
5809,CS7923,0
5810,CS7924,0
5811,CS7925,0
5812,CS7926,0
5813,CS7927,0
5814,CS7928,0
5815,CS7929,0
5816,CS7930,1
5817,CS7931,0
5818,CS7932,0
5819,CS7933,0
5820,CS7934,0
5821,CS7935,0
5822,CS7936,0
5823,CS7937,0
5824,CS7938,0
5825,CS7939,0
5826,CS7940,1
5827,CS7941,0
5828,CS7942,0
5829,CS7943,0
5830,CS7944,0
5831,CS7945,0
5832,CS7946,0
5833,CS7947,0
5834,CS7948,0
5835,CS7949,1
5836,CS7950,0
5837,CS7951,0
5838,CS7952,0
5839,CS7953,0
5840,CS7954,0
5841,CS7955,0
5842,CS7956,0
5843,CS7957,0
5844,CS7958,0
5845,CS7959,0
5846,CS7960,0
5847,CS7961,0
5848,CS7962,0
5849,CS7963,0
5850,CS7964,0
5851,CS7965,0
5852,CS7966,0
5853,CS7967,0
5854,CS7968,0
5855,CS7969,0
5856,CS7970,0
5857,CS7971,0
5858,CS7972,0
5859,CS7973,0
5860,CS7974,0
5861,CS7975,0
5862,CS7976,0
5863,CS7977,0
5864,CS7978,0
5865,CS7979,0
5866,CS7980,0
5867,CS7981,0
5868,CS7982,0
5869,CS7983,0
5870,CS7984,0
5871,CS7985,0
5872,CS7986,0
5873,CS7987,0
5874,CS7988,0
5875,CS7989,0
5876,CS7990,0
5877,CS7991,0
5878,CS7992,0
5879,CS7993,0
5880,CS7994,0
5881,CS7995,0
5882,CS7996,0
5883,CS7997,0
5884,CS7998,0
5885,CS7999,0
5886,CS8000,0
5887,CS8001,0
5888,CS8002,0
5889,CS8003,0
5890,CS8004,0
5891,CS8005,0
5892,CS8006,0
5893,CS8007,0
5894,CS8008,0
5895,CS8009,0
5896,CS8010,0
5897,CS8011,0
5898,CS8012,0
5899,CS8013,0
5900,CS8014,0
5901,CS8015,0
5902,CS8016,0
5903,CS8017,0
5904,CS8018,0
5905,CS8019,0
5906,CS8020,0
5907,CS8021,0
5908,CS8022,0
5909,CS8023,0
5910,CS8024,0
5911,CS8025,0
5912,CS8026,0
5913,CS8027,0
5914,CS8028,0
5915,CS8029,0
5916,CS8030,0
5917,CS8031,0
5918,CS8032,0
5919,CS8033,0
5920,CS8034,0
5921,CS8035,0
5922,CS8036,0
5923,CS8037,0
5924,CS8038,0
5925,CS8039,0
5926,CS8040,0
5927,CS8041,0
5928,CS8042,0
5929,CS8043,0
5930,CS8044,0
5931,CS8045,0
5932,CS8046,0
5933,CS8047,0
5934,CS8048,0
5935,CS8049,0
5936,CS8050,0
5937,CS8051,0
5938,CS8052,0
5939,CS8053,0
5940,CS8054,0
5941,CS8055,0
5942,CS8056,0
5943,CS8057,0
5944,CS8058,0
5945,CS8059,0
5946,CS8060,0
5947,CS8061,0
5948,CS8062,0
5949,CS8063,0
5950,CS8064,0
5951,CS8065,0
5952,CS8066,0
5953,CS8067,0
5954,CS8068,0
5955,CS8069,0
5956,CS8070,0
5957,CS8071,0
5958,CS8072,0
5959,CS8073,0
5960,CS8074,0
5961,CS8075,0
5962,CS8076,0
5963,CS8077,0
5964,CS8078,0
5965,CS8079,1
5966,CS8080,0
5967,CS8081,1
5968,CS8082,0
5969,CS8083,0
5970,CS8084,0
5971,CS8085,0
5972,CS8086,0
5973,CS8087,0
5974,CS8088,0
5975,CS8089,0
5976,CS8090,0
5977,CS8091,0
5978,CS8092,0
5979,CS8093,0
5980,CS8094,0
5981,CS8095,0
5982,CS8096,0
5983,CS8097,0
5984,CS8098,0
5985,CS8099,0
5986,CS8100,0
5987,CS8101,0
5988,CS8102,0
5989,CS8103,0
5990,CS8104,1
5991,CS8105,0
5992,CS8106,0
5993,CS8107,0
5994,CS8108,0
5995,CS8109,0
5996,CS8110,0
5997,CS8111,0
5998,CS8112,0
5999,CS8113,0
6000,CS8114,0
6001,CS8115,0
6002,CS8116,0
6003,CS8117,0
6004,CS8118,0
6005,CS8119,0
6006,CS8120,0
6007,CS8121,0
6008,CS8122,0
6009,CS8123,0
6010,CS8124,0
6011,CS8125,0
6012,CS8126,0
6013,CS8127,0
6014,CS8128,0
6015,CS8129,0
6016,CS8130,0
6017,CS8131,0
6018,CS8132,0
6019,CS8133,0
6020,CS8134,0
6021,CS8135,0
6022,CS8136,0
6023,CS8137,0
6024,CS8138,0
6025,CS8139,0
6026,CS8140,0
6027,CS8141,0
6028,CS8142,0
6029,CS8143,0
6030,CS8144,0
6031,CS8145,0
6032,CS8146,0
6033,CS8147,0
6034,CS8148,0
6035,CS8149,0
6036,CS8150,0
6037,CS8151,0
6038,CS8152,0
6039,CS8153,0
6040,CS8154,0
6041,CS8155,0
6042,CS8156,0
6043,CS8157,0
6044,CS8158,0
6045,CS8159,0
6046,CS8160,0
6047,CS8161,0
6048,CS8162,0
6049,CS8163,0
6050,CS8164,0
6051,CS8165,0
6052,CS8166,0
6053,CS8167,1
6054,CS8168,0
6055,CS8169,0
6056,CS8170,0
6057,CS8171,0
6058,CS8172,0
6059,CS8173,0
6060,CS8174,0
6061,CS8175,0
6062,CS8176,0
6063,CS8177,0
6064,CS8178,0
6065,CS8179,0
6066,CS8180,0
6067,CS8181,0
6068,CS8182,0
6069,CS8183,0
6070,CS8184,0
6071,CS8185,0
6072,CS8186,0
6073,CS8187,0
6074,CS8188,0
6075,CS8189,0
6076,CS8190,0
6077,CS8191,0
6078,CS8192,0
6079,CS8193,0
6080,CS8194,0
6081,CS8195,0
6082,CS8196,0
6083,CS8197,0
6084,CS8198,0
6085,CS8199,0
6086,CS8200,0
6087,CS8201,0
6088,CS8202,0
6089,CS8203,0
6090,CS8204,0
6091,CS8205,0
6092,CS8206,0
6093,CS8207,0
6094,CS8208,0
6095,CS8209,0
6096,CS8210,0
6097,CS8211,0
6098,CS8212,0
6099,CS8213,0
6100,CS8214,0
6101,CS8215,0
6102,CS8216,0
6103,CS8217,0
6104,CS8218,0
6105,CS8219,0
6106,CS8220,0
6107,CS8221,0
6108,CS8222,0
6109,CS8223,0
6110,CS8224,0
6111,CS8225,0
6112,CS8226,0
6113,CS8227,0
6114,CS8228,0
6115,CS8229,0
6116,CS8230,0
6117,CS8231,0
6118,CS8232,0
6119,CS8233,0
6120,CS8234,0
6121,CS8235,0
6122,CS8236,0
6123,CS8237,0
6124,CS8238,0
6125,CS8239,0
6126,CS8240,0
6127,CS8241,0
6128,CS8242,0
6129,CS8243,0
6130,CS8244,0
6131,CS8245,0
6132,CS8246,0
6133,CS8247,0
6134,CS8248,0
6135,CS8249,0
6136,CS8250,0
6137,CS8251,0
6138,CS8252,0
6139,CS8253,0
6140,CS8254,0
6141,CS8255,0
6142,CS8256,0
6143,CS8257,0
6144,CS8258,0
6145,CS8259,0
6146,CS8260,0
6147,CS8261,0
6148,CS8262,0
6149,CS8263,0
6150,CS8264,0
6151,CS8265,0
6152,CS8266,0
6153,CS8267,0
6154,CS8268,0
6155,CS8269,0
6156,CS8270,0
6157,CS8271,0
6158,CS8272,0
6159,CS8273,0
6160,CS8274,0
6161,CS8275,0
6162,CS8276,0
6163,CS8277,0
6164,CS8278,0
6165,CS8279,0
6166,CS8280,0
6167,CS8281,0
6168,CS8282,0
6169,CS8283,0
6170,CS8284,0
6171,CS8285,0
6172,CS8286,0
6173,CS8287,0
6174,CS8288,0
6175,CS8289,0
6176,CS8290,0
6177,CS8291,0
6178,CS8292,1
6179,CS8293,0
6180,CS8294,0
6181,CS8295,0
6182,CS8296,0
6183,CS8297,0
6184,CS8298,0
6185,CS8299,0
6186,CS8300,0
6187,CS8301,0
6188,CS8302,0
6189,CS8303,0
6190,CS8304,0
6191,CS8305,0
6192,CS8306,0
6193,CS8307,0
6194,CS8308,0
6195,CS8309,0
6196,CS8310,1
6197,CS8311,0
6198,CS8312,0
6199,CS8313,0
6200,CS8314,0
6201,CS8315,0
6202,CS8316,1
6203,CS8317,0
6204,CS8318,0
6205,CS8319,0
6206,CS8320,0
6207,CS8321,0
6208,CS8322,0
6209,CS8323,0
6210,CS8324,0
6211,CS8325,0
6212,CS8326,0
6213,CS8327,0
6214,CS8328,0
6215,CS8329,0
6216,CS8330,0
6217,CS8331,0
6218,CS8332,0
6219,CS8333,0
6220,CS8334,0
6221,CS8335,0
6222,CS8336,0
6223,CS8337,0
6224,CS8338,0
6225,CS8339,0
6226,CS8340,0
6227,CS8341,0
6228,CS8342,0
6229,CS8343,0
6230,CS8344,0
6231,CS8345,0
6232,CS8346,1
6233,CS8347,0
6234,CS8348,0
6235,CS8349,0
6236,CS8350,0
6237,CS8351,0
6238,CS8352,0
6239,CS8353,0
6240,CS8354,0
6241,CS8355,0
6242,CS8356,0
6243,CS8357,0
6244,CS8358,0
6245,CS8359,0
6246,CS8360,0
6247,CS8361,0
6248,CS8362,0
6249,CS8363,0
6250,CS8364,0
6251,CS8365,0
6252,CS8366,0
6253,CS8367,0
6254,CS8368,0
6255,CS8369,0
6256,CS8370,0
6257,CS8371,0
6258,CS8372,0
6259,CS8373,0
6260,CS8374,0
6261,CS8375,0
6262,CS8377,0
6263,CS8378,0
6264,CS8379,0
6265,CS8380,0
6266,CS8381,0
6267,CS8382,0
6268,CS8383,0
6269,CS8384,0
6270,CS8385,0
6271,CS8386,0
6272,CS8387,0
6273,CS8388,0
6274,CS8389,0
6275,CS8390,0
6276,CS8391,0
6277,CS8392,0
6278,CS8393,0
6279,CS8394,0
6280,CS8395,0
6281,CS8396,0
6282,CS8397,0
6283,CS8398,0
6284,CS8399,0
6285,CS8400,0
6286,CS8401,0
6287,CS8402,0
6288,CS8403,0
6289,CS8404,0
6290,CS8405,0
6291,CS8406,0
6292,CS8407,0
6293,CS8408,0
6294,CS8409,0
6295,CS8410,0
6296,CS8411,0
6297,CS8412,0
6298,CS8413,0
6299,CS8414,0
6300,CS8415,0
6301,CS8416,0
6302,CS8417,0
6303,CS8418,0
6304,CS8419,0
6305,CS8420,0
6306,CS8421,0
6307,CS8422,0
6308,CS8423,0
6309,CS8424,0
6310,CS8425,0
6311,CS8426,0
6312,CS8427,0
6313,CS8428,0
6314,CS8429,0
6315,CS8430,1
6316,CS8431,0
6317,CS8432,0
6318,CS8433,0
6319,CS8434,0
6320,CS8435,0
6321,CS8436,0
6322,CS8437,0
6323,CS8438,0
6324,CS8439,0
6325,CS8440,0
6326,CS8441,0
6327,CS8442,1
6328,CS8443,0
6329,CS8444,0
6330,CS8445,0
6331,CS8446,0
6332,CS8447,0
6333,CS8448,0
6334,CS8449,0
6335,CS8450,0
6336,CS8451,0
6337,CS8452,0
6338,CS8453,0
6339,CS8454,0
6340,CS8455,0
6341,CS8456,0
6342,CS8457,1
6343,CS8458,0
6344,CS8459,1
6345,CS8460,0
6346,CS8461,0
6347,CS8462,0
6348,CS8463,0
6349,CS8464,0
6350,CS8465,0
6351,CS8466,0
6352,CS8467,0
6353,CS8468,0
6354,CS8469,0
6355,CS8470,0
6356,CS8471,0
6357,CS8472,0
6358,CS8473,0
6359,CS8474,0
6360,CS8475,0
6361,CS8476,0
6362,CS8477,0
6363,CS8478,0
6364,CS8479,0
6365,CS8480,0
6366,CS8481,0
6367,CS8482,0
6368,CS8483,0
6369,CS8484,0
6370,CS8485,0
6371,CS8486,0
6372,CS8487,0
6373,CS8488,0
6374,CS8489,0
6375,CS8490,0
6376,CS8491,0
6377,CS8492,0
6378,CS8493,0
6379,CS8494,0
6380,CS8495,0
6381,CS8496,0
6382,CS8497,0
6383,CS8498,0
6384,CS8499,0
6385,CS8500,0
6386,CS8501,0
6387,CS8502,0
6388,CS8503,0
6389,CS8504,0
6390,CS8505,0
6391,CS8506,0
6392,CS8507,0
6393,CS8508,0
6394,CS8509,0
6395,CS8510,0
6396,CS8511,0
6397,CS8512,0
6398,CS8513,1
6399,CS8514,0
6400,CS8515,0
6401,CS8516,0
6402,CS8517,0
6403,CS8518,0
6404,CS8519,0
6405,CS8520,0
6406,CS8521,0
6407,CS8522,0
6408,CS8523,0
6409,CS8524,1
6410,CS8525,0
6411,CS8526,0
6412,CS8527,0
6413,CS8528,0
6414,CS8529,0
6415,CS8530,0
6416,CS8531,0
6417,CS8532,0
6418,CS8533,0
6419,CS8534,0
6420,CS8535,0
6421,CS8536,0
6422,CS8537,0
6423,CS8538,0
6424,CS8539,0
6425,CS8540,0
6426,CS8541,1
6427,CS8542,0
6428,CS8543,0
6429,CS8544,1
6430,CS8545,0
6431,CS8546,0
6432,CS8547,0
6433,CS8548,0
6434,CS8549,0
6435,CS8550,0
6436,CS8551,0
6437,CS8552,0
6438,CS8553,0
6439,CS8554,0
6440,CS8555,0
6441,CS8556,0
6442,CS8557,0
6443,CS8558,0
6444,CS8559,0
6445,CS8560,0
6446,CS8561,0
6447,CS8562,0
6448,CS8563,0
6449,CS8564,0
6450,CS8565,0
6451,CS8566,0
6452,CS8567,0
6453,CS8568,0
6454,CS8569,0
6455,CS8570,0
6456,CS8571,0
6457,CS8572,0
6458,CS8573,0
6459,CS8574,0
6460,CS8575,0
6461,CS8576,0
6462,CS8577,0
6463,CS8578,0
6464,CS8579,0
6465,CS8580,1
6466,CS8581,0
6467,CS8582,0
6468,CS8583,0
6469,CS8584,0
6470,CS8585,0
6471,CS8586,0
6472,CS8587,0
6473,CS8588,0
6474,CS8589,0
6475,CS8590,0
6476,CS8591,1
6477,CS8592,0
6478,CS8593,0
6479,CS8594,0
6480,CS8595,0
6481,CS8596,0
6482,CS8597,0
6483,CS8598,0
6484,CS8599,0
6485,CS8600,0
6486,CS8601,0
6487,CS8602,0
6488,CS8603,0
6489,CS8604,0
6490,CS8605,0
6491,CS8606,0
6492,CS8607,0
6493,CS8608,0
6494,CS8609,0
6495,CS8610,0
6496,CS8611,0
6497,CS8612,0
6498,CS8613,0
6499,CS8614,0
6500,CS8615,0
6501,CS8616,0
6502,CS8617,0
6503,CS8618,0
6504,CS8619,0
6505,CS8620,0
6506,CS8621,0
6507,CS8622,0
6508,CS8623,0
6509,CS8624,0
6510,CS8625,0
6511,CS8626,0
6512,CS8627,0
6513,CS8628,0
6514,CS8629,0
6515,CS8630,0
6516,CS8631,0
6517,CS8632,0
6518,CS8633,0
6519,CS8634,0
6520,CS8635,0
6521,CS8636,0
6522,CS8637,0
6523,CS8638,0
6524,CS8639,0
6525,CS8640,0
6526,CS8641,0
6527,CS8642,0
6528,CS8643,0
6529,CS8644,1
6530,CS8645,0
6531,CS8646,0
6532,CS8647,0
6533,CS8648,0
6534,CS8649,0
6535,CS8650,0
6536,CS8651,0
6537,CS8652,0
6538,CS8653,0
6539,CS8654,0
6540,CS8655,0
6541,CS8656,0
6542,CS8657,0
6543,CS8658,0
6544,CS8659,0
6545,CS8660,0
6546,CS8661,0
6547,CS8662,0
6548,CS8663,0
6549,CS8664,0
6550,CS8665,0
6551,CS8666,0
6552,CS8667,0
6553,CS8668,0
6554,CS8669,0
6555,CS8670,0
6556,CS8671,0
6557,CS8672,0
6558,CS8673,0
6559,CS8674,0
6560,CS8675,0
6561,CS8676,0
6562,CS8677,0
6563,CS8678,0
6564,CS8679,0
6565,CS8680,0
6566,CS8681,0
6567,CS8682,0
6568,CS8683,0
6569,CS8684,0
6570,CS8685,0
6571,CS8686,0
6572,CS8687,0
6573,CS8688,0
6574,CS8689,0
6575,CS8690,0
6576,CS8691,0
6577,CS8692,0
6578,CS8693,0
6579,CS8694,0
6580,CS8695,0
6581,CS8696,0
6582,CS8697,0
6583,CS8698,0
6584,CS8699,0
6585,CS8700,0
6586,CS8701,0
6587,CS8702,0
6588,CS8703,0
6589,CS8704,0
6590,CS8705,0
6591,CS8706,0
6592,CS8707,0
6593,CS8708,0
6594,CS8709,0
6595,CS8710,0
6596,CS8711,1
6597,CS8712,0
6598,CS8713,0
6599,CS8714,0
6600,CS8715,0
6601,CS8716,0
6602,CS8717,0
6603,CS8718,0
6604,CS8719,0
6605,CS8720,0
6606,CS8721,0
6607,CS8722,0
6608,CS8723,0
6609,CS8724,0
6610,CS8725,0
6611,CS8726,0
6612,CS8727,0
6613,CS8728,0
6614,CS8729,0
6615,CS8730,0
6616,CS8731,0
6617,CS8732,0
6618,CS8733,0
6619,CS8734,0
6620,CS8735,0
6621,CS8736,0
6622,CS8737,0
6623,CS8738,0
6624,CS8739,0
6625,CS8740,0
6626,CS8741,0
6627,CS8742,0
6628,CS8743,0
6629,CS8744,0
6630,CS8745,0
6631,CS8746,0
6632,CS8747,0
6633,CS8748,0
6634,CS8749,0
6635,CS8750,0
6636,CS8751,0
6637,CS8752,0
6638,CS8754,0
6639,CS8755,0
6640,CS8756,0
6641,CS8757,0
6642,CS8758,0
6643,CS8759,0
6644,CS8760,0
6645,CS8761,0
6646,CS8762,1
6647,CS8763,0
6648,CS8764,0
6649,CS8765,0
6650,CS8766,0
6651,CS8767,0
6652,CS8768,0
6653,CS8769,0
6654,CS8770,0
6655,CS8771,0
6656,CS8772,0
6657,CS8773,0
6658,CS8774,0
6659,CS8775,0
6660,CS8776,0
6661,CS8777,0
6662,CS8778,0
6663,CS8779,0
6664,CS8780,0
6665,CS8781,0
6666,CS8782,0
6667,CS8783,0
6668,CS8784,0
6669,CS8785,0
6670,CS8786,0
6671,CS8787,0
6672,CS8788,0
6673,CS8789,0
6674,CS8790,0
6675,CS8791,0
6676,CS8792,0
6677,CS8793,0
6678,CS8794,0
6679,CS8795,0
6680,CS8796,0
6681,CS8797,0
6682,CS8798,0
6683,CS8799,0
6684,CS8800,0
6685,CS8801,0
6686,CS8802,0
6687,CS8803,0
6688,CS8804,0
6689,CS8805,0
6690,CS8806,0
6691,CS8807,0
6692,CS8808,0
6693,CS8809,0
6694,CS8810,0
6695,CS8811,0
6696,CS8812,0
6697,CS8813,0
6698,CS8814,0
6699,CS8815,0
6700,CS8816,0
6701,CS8817,0
6702,CS8818,0
6703,CS8819,0
6704,CS8820,0
6705,CS8821,0
6706,CS8822,0
6707,CS8823,0
6708,CS8824,0
6709,CS8825,0
6710,CS8826,0
6711,CS8827,0
6712,CS8828,0
6713,CS8829,0
6714,CS8830,0
6715,CS8831,0
6716,CS8832,0
6717,CS8833,0
6718,CS8834,0
6719,CS8835,0
6720,CS8836,0
6721,CS8837,0
6722,CS8838,0
6723,CS8839,0
6724,CS8840,0
6725,CS8841,0
6726,CS8842,0
6727,CS8843,0
6728,CS8844,0
6729,CS8845,1
6730,CS8846,0
6731,CS8847,0
6732,CS8848,0
6733,CS8849,0
6734,CS8850,0
6735,CS8851,0
6736,CS8852,0
6737,CS8853,0
6738,CS8854,0
6739,CS8855,1
6740,CS8856,0
6741,CS8857,0
6742,CS8858,0
6743,CS8859,0
6744,CS8860,0
6745,CS8861,0
6746,CS8862,0
6747,CS8863,0
6748,CS8864,0
6749,CS8865,0
6750,CS8866,0
6751,CS8867,0
6752,CS8868,0
6753,CS8869,0
6754,CS8870,0
6755,CS8871,0
6756,CS8872,0
6757,CS8873,0
6758,CS8874,0
6759,CS8875,0
6760,CS8876,0
6761,CS8877,0
6762,CS8878,0
6763,CS8879,0
6764,CS8880,0
6765,CS8881,0
6766,CS8882,0
6767,CS8883,0
6768,CS8884,0
6769,CS8885,0
6770,CS8886,0
6771,CS8887,0
6772,CS8888,0
6773,CS8889,0
6774,CS8890,0
6775,CS8891,0
6776,CS8892,0
6777,CS8893,0
6778,CS8894,0
6779,CS8895,0
6780,CS8896,0
6781,CS8897,0
6782,CS8898,0
6783,CS8899,0
6784,CS8900,0
6785,CS8901,0
6786,CS8902,0
6787,CS8903,0
6788,CS8904,0
6789,CS8905,1
6790,CS8906,0
6791,CS8907,0
6792,CS8908,0
6793,CS8909,0
6794,CS8910,0
6795,CS8911,0
6796,CS8912,0
6797,CS8913,0
6798,CS8914,0
6799,CS8915,0
6800,CS8916,0
6801,CS8917,0
6802,CS8918,0
6803,CS8919,0
6804,CS8920,0
6805,CS8921,0
6806,CS8922,0
6807,CS8923,0
6808,CS8924,0
6809,CS8925,0
6810,CS8926,0
6811,CS8927,0
6812,CS8928,0
6813,CS8929,0
6814,CS8930,0
6815,CS8931,0
6816,CS8932,0
6817,CS8933,0
6818,CS8934,0
6819,CS8935,0
6820,CS8936,0
6821,CS8937,0
6822,CS8938,0
6823,CS8939,0
6824,CS8940,0
6825,CS8941,0
6826,CS8942,0
6827,CS8943,0
6828,CS8944,0
6829,CS8945,0
6830,CS8946,0
6831,CS8947,0
6832,CS8948,0
6833,CS8949,0
6834,CS8950,0
6835,CS8951,0
6836,CS8952,0
6837,CS8953,0
6838,CS8954,0
6839,CS8955,0
6840,CS8956,0
6841,CS8957,0
6842,CS8958,0
6843,CS8959,0
6844,CS8960,0
6845,CS8961,0
6846,CS8962,0
6847,CS8963,0
6848,CS8964,0
6849,CS8965,0
6850,CS8966,0
6851,CS8967,0
6852,CS8968,0
6853,CS8969,0
6854,CS8970,0
6855,CS8971,1
6856,CS8972,0
6857,CS8973,0
6858,CS8974,0
6859,CS8975,0
6860,CS8976,0
6861,CS8977,0
6862,CS8978,0
6863,CS8979,0
6864,CS8980,0
6865,CS8981,0
6866,CS8982,0
6867,CS8983,0
6868,CS8984,0
6869,CS8985,0
6870,CS8986,0
6871,CS8987,0
6872,CS8988,0
6873,CS8989,0
6874,CS8990,0
6875,CS8991,0
6876,CS8992,0
6877,CS8993,0
6878,CS8994,0
6879,CS8995,0
6880,CS8996,0
6881,CS8997,0
6882,CS8998,0
6883,CS8999,0
6884,CS9000,0
